-0.23968001,-0.30736271,-0.23449677,-0.074741028,-0.36083043,-0.31594494,-0.15304202,-0.30695727,-0.16240489,-0.17786376,-0.2245466,-0.046976093,-0.23341072,-0.1154098,-0.15028749,-0.14152591,-0.29190972,-0.057939537,-0.11048991,-0.15870632,-0.30485904,-0.12215649,-0.11841355,-0.34396574,-0.04915648,-0.31816456,-0.23104194,-0.2249444,-0.1416871,-0.33025455,-0.16257811,-0.39182305,-0.035117202,-0.23520152,-0.17722788,-0.0047094407,-0.33896035,-0.11983588,-0.31531334,-0.14020768,-0.12127652,-0.2040782,-0.23645169,-0.12390851,-0.21114756,-0.14691493,-0.27391717,-0.29198408,0.031574685,-0.28120339,-0.22882655,-0.16139029,-0.07517194,-0.21657601,-0.26111516,-0.20344606,-0.11470769,-0.18535818,-0.17438497,-0.24103147,-0.19609895,-0.24249068,-0.061131094,-0.072868347
-0.25661328,-0.40035719,-0.31366789,-0.30410969,-0.076490529,-0.27055824,-0.26559332,-0.29650572,-0.15607677,-0.046229489,-0.28548512,-0.19089486,-0.32780182,-0.11156975,-0.18691868,-0.18031466,-0.18543863,-0.1311343,-0.16574818,-0.31649479,-0.18561299,-0.29350781,-0.15252869,-0.21068662,-0.1922853,-0.20090596,-0.15072499,-0.2285884,-0.28971893,-0.36108208,-0.20582916,-0.24113511,-0.26775667,-0.20402287,-0.24828568,-0.32251799,-0.17610258,-0.055559658,-0.34267041,-0.22351442,-0.11576018,-0.38884661,-0.11287922,-0.35167715,-0.13253021,-0.020264108,-0.36223778,-0.13042641,-0.30913761,-0.25064555,-0.18045409,-0.28763786,-0.34912649,-0.13117746,-0.23954684,-0.20175883,-0.22716381,-0.23520872,-0.1221476,-0.12526038,-0.20452492,-0.32415548,-0.12042752,-0.28872401
-0.14759009,-0.2245627,-0.16949894,-0.21180795,-0.25219464,-0.16055731,-0.15600404,-0.19819212,-0.34529459,-0.013656839,-0.45947757,-0.2398639,-0.4046146,-0.26734132,-0.31633231,-0.23541369,-0.22282559,-0.15923893,-0.13511093,-0.20935212,-0.14687788,-0.31814951,-0.16290277,-0.37990183,-0.15883459,-0.19887263,-0.19967705,-0.20818613,-0.39547414,-0.27048838,-0.26006207,-0.14416073,-0.22580472,-0.26667246,-0.086947411,-0.38006717,-0.13882157,-0.39521801,-0.21073282,-0.329579,-0.21657269,-0.18254346,-0.37914142,-0.14099878,-0.29808304,-0.28263661,-0.34112009,-0.21901263,-0.2196842,-0.398783,-0.27402678,-0.12975375,-0.21079989,-0.36116481,-0.22471288,-0.2912254,-0.16937545,-0.17000434,-0.22438984,-0.21752809,-0.18582113,-0.28790802,-0.12382416,-0.18593884
-0.3293117,-0.11453964,-0.33252421,-0.23875386,-0.07817883,-0.16211905,-0.31149402,-0.2326712,-0.26369682,-0.33841246,-0.25110844,-0.2013614,-0.27984795,-0.18228157,-0.21982396,-0.43274614,-0.28150675,-0.30240777,-0.27488533,-0.22232787,-0.07010942,-0.13444485,-0.19953151,-0.14430355,-0.24978518,-0.054502763,-0.26957893,-0.26631188,-0.29028302,-0.21343064,-0.18047452,-0.31350961,-0.28323093,-0.21627307,-0.3079707,-0.31999904,-0.12981328,-0.27225316,-0.38412166,-0.23887827,-0.21363564,-0.25537682,-0.16936028,-0.09726239,-0.22563402,-0.27845201,-0.19932692,-0.29647535,-0.23334987,-0.24685633,-0.062594056,-0.31247011,-0.26449335,-0.15468453,-0.31995225,-0.249484,-0.1546697,-0.18737066,-0.28283894,-0.3092173,-0.279365,-0.38232169,0.0076256869,-0.22376211
-0.027492233,-0.17257971,-0.22812212,-0.21122387,-0.20160532,-0.20102909,-0.30287114,-0.21163489,-0.16389491,-0.30133507,-0.22943667,-0.34092572,-0.2749548,-0.21764679,-0.23784384,-0.13349049,-0.27517739,-0.36162311,-0.19733565,-0.38134828,-0.25406888,-0.28669849,-0.12789951,-0.42732462,-0.21816161,-0.25882372,-0.29427397,-0.2076315,-0.27310219,-0.11976705,-0.23289089,-0.23525386,-0.24525276,-0.18722299,-0.32249469,-0.064582713,-0.23523971,-0.20979287,-0.17311019,-0.27378958,-0.045076568,-0.52794969,0.0016113836,-0.32152906,-0.16735387,-0.28470984,-0.16587199,-0.31944662,-0.30849421,-0.1117013,-0.19357534,-0.2817286,-0.19595324,-0.3377986,-0.25753704,-0.10732622,-0.38657311,-0.11042047,-0.27066603,-0.055234324,-0.27326769,-0.13364004,-0.086573176,-0.20540121
-0.37965634,-0.31800631,-0.17901497,-0.43824124,-0.14143239,-0.20312887,-0.38112587,-0.084324107,-0.20362778,-0.1283589,-0.19798514,-0.2363902,-0.095352031,-0.3281222,-0.16828899,-0.083742313,-0.23441957,0.051999543,-0.28843865,-0.058132265,-0.37753037,-0.29016975,-0.32477328,-0.18952966,-0.32174096,-0.31890184,-0.25385243,-0.28780428,-0.24105136,-0.18165837,-0.19310111,-0.062544249,-0.090353206,-0.18139108,-0.27374792,-0.18623555,-0.084482834,-0.14845739,-0.33440059,-0.13502395,-0.3153303,-0.22374593,-0.26326317,-0.24227899,-0.19688049,-0.28942773,-0.19709244,-0.28954768,-0.23705854,-0.2839936,-0.40148792,-0.094227284,-0.23074029,-0.070045359,-0.096482351,-0.1362754,-0.20784637,-0.15806885,-0.30369502,-0.074400216,-0.23272505,-0.13136271,-0.060964476,-0.27712849
-0.25620154,-0.30166486,-0.30813986,-0.29966483,-0.23374912,-0.39759985,-0.10589143,-0.38294378,-0.077881843,-0.23274523,-0.065110274,-0.26421362,-0.15471846,-0.048491765,-0.13942048,-0.17557572,-0.26840878,-0.13859491,-0.27433607,-0.28606868,-0.26071429,-0.16238056,-0.36106589,-0.24224576,-0.36088985,-0.29226863,-0.2707586,-0.28271011,-0.22689039,-0.33191726,-0.23984863,-0.24181734,-0.16762134,-0.13943212,-0.10414558,-0.15168048,-0.28810945,-0.2021876,-0.24640383,-0.14695956,-0.24797475,-0.26076782,-0.21369876,-0.12796415,-0.19968636,-0.17559503,-0.36752576,-0.20830216,-0.28736538,-0.24964605,-0.18628359,-0.25161913,-0.087997176,-0.21798106,-0.41474694,0.011266573,-0.37540495,-0.23334849,-0.34973803,-0.19007297,-0.21778913,-0.12487898,-0.24700859,-0.19047828
-0.16959037,-0.081308097,-0.27539772,-0.23222007,-0.29063958,-0.15592402,-0.40089235,-0.31815255,-0.2856392,-0.28508177,-0.2160124,-0.22415891,-0.19625659,-0.33627045,-0.20567195,-0.22533141,-0.2771095,-0.15469036,-0.38558069,-0.14813752,-0.17650068,-0.28884596,-0.2521219,-0.257328,-0.27237558,-0.13776271,-0.21043655,-0.14242022,-0.26428282,-0.11851605,-0.26175693,-0.1765199,-0.237984,-0.29187009,-0.2448447,-0.23416246,-0.11880433,-0.066532902,-0.30994031,-0.26132232,-0.23012917,-0.29976296,-0.14378498,-0.23894998,-0.18938693,-0.38219601,-0.15283476,-0.16255414,-0.22552367,-0.13404098,-0.23137572,-0.12631628,-0.16098867,-0.2717849,-0.1451602,-0.31250975,-0.19633827,-0.28236267,-0.41622281,-0.14874279,-0.29898933,-0.31877759,-0.064754248,-0.27951366
-0.12219188,-0.17282212,-0.15271439,-0.19329497,-0.25039428,-0.25747821,-0.20915461,-0.14193515,-0.1257128,-0.30283365,-0.22514826,-0.34628767,-0.29820031,-0.25484547,-0.16965659,-0.3200179,-0.24339147,-0.14587256,-0.26061317,-0.21038049,-0.14932466,-0.24778685,-0.25135013,-0.25068715,-0.12304537,-0.25016713,-0.11059308,-0.17760116,-0.20266438,-0.16884036,-0.24346738,-0.25946656,-0.1371568,-0.24457389,-0.17887723,-0.30728391,-0.24805506,-0.24023266,-0.14111084,-0.29590181,-0.17774744,-0.30908892,-0.26417753,-0.20280017,-0.42038503,-0.06531807,-0.24248624,-0.26391292,-0.10047331,-0.3048054,-0.12953694,-0.20231488,-0.23410302,-0.15230821,-0.16752864,-0.16589324,-0.11313669,-0.21892482,-0.18102245,-0.15727004,-0.25421652,-0.21395676,-0.086599208,-0.27754027
-0.36862189,-0.35097229,-0.22272338,-0.36881477,-0.16842565,-0.12725784,-0.22497268,-0.29789886,-0.14169824,-0.14136969,-0.22366743,-0.25490677,-0.22433917,-0.41487411,-0.2418869,-0.204211,-0.24423662,-0.076737851,-0.14197715,-0.20078421,-0.23545675,-0.13615423,-0.42396954,0.00078318059,-0.35525128,-0.18210505,-0.10076035,-0.31305325,-0.24480234,-0.14506626,-0.22914305,-0.085508116,-0.25964719,-0.12129176,-0.072055995,-0.29177582,-0.073603608,-0.19699124,-0.2942895,-0.27646446,-0.12510064,-0.17158791,-0.41040689,-0.052967835,-0.30298921,-0.023760255,-0.10729437,-0.22180383,-0.3162117,-0.19287792,-0.26626256,-0.29972473,-0.13646436,-0.16954333,-0.18949111,-0.19939597,-0.22735687,-0.25639614,-0.36036536,-0.084100835,-0.21124855,-0.18894264,-0.21365951,-0.13402072
-0.14035746,-0.27261606,-0.19962718,-0.28028002,-0.14110282,-0.22032942,-0.2159898,-0.16563751,-0.35363272,-0.22891141,-0.24543515,-0.035107285,-0.11655214,-0.21634126,-0.19634503,0.0010012217,-0.44997546,-0.10611174,-0.19807015,-0.21908972,-0.1185767,-0.27934235,-0.27688661,-0.25453249,-0.33505175,-0.2872082,-0.2953445,-0.25400537,-0.24475023,-0.14514597,-0.13170905,-0.24857952,-0.17716531,-0.23608506,-0.30412021,-0.20006701,-0.33898798,-0.2804409,-0.41564852,-0.20168811,-0.15268345,-0.17456494,-0.28402698,-0.16094543,-0.1816252,-0.1531163,-0.14026286,-0.23341303,-0.20423716,-0.14602621,-0.23038465,-0.24509485,-0.13208716,-0.15077452,-0.16984262,-0.26836151,-0.27557653,-0.19684416,-0.51534063,-0.29872617,-0.31559303,-0.31661004,-0.1379777,-0.23567909
-0.24041152,-0.27024677,-0.29163498,-0.15911745,-0.17675968,-0.31391683,-0.047858924,-0.22253159,-0.30822825,-0.052825507,-0.14678335,-0.32822219,-0.11786269,-0.34673372,-0.14503363,-0.17418914,-0.25751275,-0.15822539,-0.25143388,-0.15059286,-0.29694659,-0.34123182,-0.34947044,-0.073340021,-0.053658493,-0.32965699,-0.18898869,-0.3224678,-0.081193581,-0.34400031,-0.12538406,-0.31756005,-0.23068732,-0.2415821,-0.27642933,-0.23921213,-0.28695053,-0.1938803,-0.29894152,-0.36250854,-0.1483787,-0.18173453,-0.42777127,-0.069741569,-0.24369328,-0.30019301,-0.092025906,-0.30826733,-0.18262742,-0.14722048,-0.20927919,-0.26002139,-0.0099930121,-0.31873208,-0.085499726,-0.23735994,-0.1990269,-0.27116314,-0.24041249,-0.066072263,-0.2814427,-0.32360142,-0.10546438,-0.20430233
-0.18965945,-0.21994203,-0.1828417,-0.26009235,-0.20242615,-0.2708979,-0.30192915,-0.16538905,-0.11581033,-0.22591642,-0.26210004,-0.30492419,-0.28484517,-0.21859957,-0.19935139,-0.11446203,-0.16546901,-0.28186771,-0.15117586,-0.24827936,-0.19198839,-0.22077681,-0.20608522,-0.15421203,-0.27975488,-0.19497107,-0.26280606,-0.25181857,-0.23742849,-0.1227996,-0.071802475,-0.34390131,-0.12270477,-0.28290144,-0.37515584,-0.24999121,-0.31792629,-0.061451383,-0.19138856,-0.090248346,-0.17677064,-0.25220704,-0.24978507,-0.016510315,-0.26726267,-0.15465103,-0.28033414,-0.048941344,-0.2684983,-0.23362345,-0.14596705,-0.092724696,-0.28652102,-0.043621901,-0.32597515,-0.28936809,-0.30669466,-0.29608715,-0.30905926,-0.19715947,-0.18237202,-0.1222898,-0.19715004,-0.16881965
-0.2004074,-0.25744605,-0.3195934,-0.25826547,-0.11762874,-0.2924751,-0.21232256,-0.070599027,-0.30125856,-0.38554117,-0.44335648,-0.28951174,-0.18354541,-0.35318342,-0.21451291,-0.21966374,-0.17497584,-0.076735772,-0.25363448,-0.20323606,-0.22227196,-0.1163471,-0.2035237,-0.21979812,-0.14498423,-0.24019225,-0.32759455,-0.20695458,-0.20737995,-0.16097161,-0.17877325,-0.20167336,-0.36989075,-0.13269809,-0.36820987,-0.22557603,-0.24892615,-0.29765239,-0.19631489,-0.19363447,-0.28440377,-0.19989622,-0.35679525,-0.19208157,-0.23319156,-0.08669699,-0.37406513,-0.074864991,-0.38783246,-0.28115094,-0.34112856,-0.2734479,-0.24027637,-0.15179949,-0.32621166,-0.15451153,-0.29278228,-0.12635262,-0.1280221,-0.32910934,-0.21526583,-0.31273368,-0.16527125,-0.20544106
-0.22193551,-0.25272912,-0.13758731,-0.23049067,-0.33556369,-0.20578961,-0.17593829,0.059075296,-0.011495837,-0.30390537,-0.1456309,-0.30177981,-0.16583443,-0.16079637,-0.13743514,-0.14572079,-0.28549832,-0.23455976,-0.26069784,-0.21338646,-0.26074269,-0.29511854,-0.2008971,-0.13544185,-0.22437219,-0.38682875,-0.12569764,-0.11089791,-0.20729788,-0.37919125,-0.15908152,-0.32816675,-0.33159551,-0.29062515,-0.21913069,-0.3533197,-0.1512754,-0.24612635,-0.19669501,-0.46709841,-0.27507094,-0.23397143,-0.11888671,-0.29003099,-0.07866928,-0.25485295,-0.18159676,-0.43499693,-0.27155781,-0.18699796,-0.313425,-0.34155485,-0.3662993,-0.23846491,-0.28575864,-0.33782965,-0.072987333,-0.36016664,-0.060208105,-0.36005396,-0.19634619,-0.41361928,-0.15430033,-0.23115876
-0.18504253,-0.1970948,-0.17816575,-0.21577694,-0.15158027,-0.16617137,-0.2250531,-0.099574976,-0.13890141,-0.14125727,0.0091421939,-0.1924278,-0.23997475,-0.11190277,-0.29230011,-0.12028848,-0.44156289,-0.12478707,-0.25721923,-0.30815211,-0.36918506,-0.13800526,-0.21401919,-0.2391846,-0.34436858,-0.30837837,-0.26462975,-0.36363381,-0.26612231,-0.18997337,-0.18089682,-0.1403212,-0.26815009,-0.15549789,-0.2631039,-0.27188134,-0.11551185,-0.13147946,-0.20581064,-0.29840434,-0.35919961,-0.15648238,-0.2476498,-0.10981381,-0.18730055,-0.14080639,-0.3199099,-0.26203945,-0.1648263,-0.11980303,-0.099943981,-0.16882065,-0.23921452,-0.15685955,-0.33059826,-0.054440681,-0.32499009,-0.21108836,-0.30466542,-0.35697794,-0.19399321,-0.26024047,-0.15972582,-0.18193078
-0.44670829,-0.28536889,-0.30460331,-0.26232669,-0.21126483,-0.084913231,-0.24197043,-0.16492933,-0.20983869,-0.30873877,-0.1717719,-0.27165145,-0.21832885,-0.31298539,-0.26512146,-0.38451108,-0.22180095,-0.26743037,-0.081790529,-0.16711165,-0.12038456,-0.12558882,-0.29533708,-0.31728467,-0.21638288,-0.26493403,-0.31701264,-0.27370015,-0.18827429,-0.35840908,-0.20548937,-0.11125028,-0.23137669,-0.26985839,-0.053244416,-0.29130375,-0.29533732,-0.26033983,-0.31264198,-0.28465208,-0.28765607,-0.30144078,-0.12376942,-0.071333267,-0.19807841,-0.053536363,-0.2170663,-0.19422291,-0.32097358,-0.1315144,-0.16561115,-0.28530058,-0.11796634,-0.26849452,-0.13355733,-0.25416878,-0.30423585,-0.17455037,-0.26673311,-0.24819644,-0.14557517,-0.26156217,-0.069372296,-0.22106394
-0.29443377,-0.17546356,-0.19817188,-0.25778368,-0.14313769,-0.40915406,-0.13846637,-0.26696217,-0.29907233,-0.36493897,-0.188796,-0.12257618,-0.25891563,-0.24579231,-0.049951099,-0.15344232,-0.067707494,-0.26099437,-0.22518238,-0.085699067,-0.17966498,-0.15717633,-0.1913372,-0.32479051,-0.3134723,-0.27345884,-0.36064604,-0.18661883,-0.20112902,-0.20426922,-0.27377352,-0.16812354,-0.22177404,-0.16560686,-0.093860112,-0.18225978,-0.21951279,-0.29325446,-0.25636274,-0.20191792,-0.21775424,-0.19278084,-0.14940844,-0.18859635,-0.22769243,-0.18267249,-0.084619232,-0.20366678,-0.11811171,-0.085811049,-0.2769911,-0.27853808,-0.30302081,-0.37955964,-0.21863922,-0.47635302,-0.16687575,-0.045410275,-0.20411302,-0.32922205,0.032936983,-0.24339558,-0.09395472,-0.19181192
-0.36997771,-0.23422869,-0.056661054,-0.18556835,-0.26251063,-0.21080257,-0.21914874,-0.12977004,-0.24525347,-0.24759652,-0.38739553,-0.38683006,-0.37875965,-0.20004842,-0.10855564,-0.16847394,-0.21900672,-0.16401306,-0.19141333,-0.25661203,-0.33393171,-0.2386032,-0.13820511,-0.34944037,-0.12974159,-0.18360715,-0.2103608,-0.24214616,-0.015308836,-0.26889017,-0.14467114,-0.19255447,-0.13852878,-0.23874454,-0.2058077,-0.30305108,-0.2975066,-0.16867092,-0.31258747,-0.23705505,-0.26725209,-0.2637873,-0.078979075,-0.22766453,-0.20897177,-0.33507195,-0.34294698,-0.12873781,-0.45865789,-0.046935122,-0.21808818,-0.21855856,-0.18152589,-0.32451546,-0.20016651,-0.46220028,-0.16740531,-0.28698674,-0.25863719,-0.17459188,-0.16639885,-0.25019252,-0.087464444,-0.20386544
-0.14160013,-0.17825845,-0.34984824,-0.31604958,-0.30542734,-0.32653859,-0.19600113,-0.20593634,-0.43660566,-0.26725376,-0.29230338,-0.29051164,-0.2851997,-0.23918551,-0.3174493,-0.39682871,-0.35596743,-0.1105246,-0.13688193,-0.16300051,-0.25616658,-0.23540822,-0.37719983,-0.17455938,-0.25787634,-0.23905313,-0.24466531,-0.22248904,-0.10455413,-0.25105068,-0.1237897,-0.12075333,-0.24040455,-0.27706799,-0.23405461,-0.30750662,-0.26237997,-0.2323979,-0.14623581,-0.11316594,-0.1445276,-0.24364112,-0.4276205,-0.11653573,-0.24138907,-0.18394744,-0.046699978,-0.22486669,-0.29384565,-0.20084392,-0.15889864,-0.32507142,-0.10385854,-0.28410292,-0.14834353,-0.27015284,-0.10253605,-0.24334787,-0.32849786,-0.33152968,-0.28300127,-0.10244696,-0.11208163,-0.2165775
-0.10690486,-0.20335034,-0.14409505,-0.26340571,-0.2966544,-0.26510343,-0.11697359,-0.39905345,-0.25974259,-0.19699363,-0.27749509,-0.2332356,-0.13309798,-0.063827582,-0.25580907,-0.26954916,-0.28111655,-0.18741314,-0.2632305,-0.29035163,-0.20844945,-0.26495358,-0.27817389,-0.30891576,-0.25127622,-0.34305134,-0.35363168,-0.18369836,-0.24584836,-0.14399281,-0.2272166,-0.054231454,-0.2724008,-0.17678632,-0.34490427,-0.27064174,-0.19864453,-0.14470553,-0.23891366,-0.241366,-0.16170645,-0.27228367,-0.27774042,-0.20943922,-0.31653368,-0.20986827,-0.28854552,-0.17202237,-0.16405147,-0.13324414,-0.1160471,-0.24122007,-0.17010151,-0.34430131,-0.15837136,-0.26211306,-0.46141112,-0.12258071,-0.32908097,-0.25719973,-0.19368446,-0.20311551,-0.13687307,-0.2547231
-0.18786234,-0.28904539,-0.17975485,-0.1308713,-0.12673201,-0.39241457,-0.11235617,-0.17547342,-0.038427636,-0.0079374807,-0.20254527,-0.072363526,-0.27794164,-0.17539477,-0.34566641,-0.0073403134,-0.14158615,-0.33636394,-0.14117007,-0.37687981,-0.11536917,-0.21474399,-0.36948195,-0.25927243,-0.075596564,-0.21659493,-0.19701096,-0.23284391,-0.19298156,-0.34745696,-0.056288261,-0.33817554,-0.063707858,-0.26218712,-0.31780726,-0.15685181,-0.23752916,-0.16812924,-0.12648402,-0.20418005,-0.54827118,-0.14840257,-0.25155145,-0.1711061,-0.16285349,-0.28339699,-0.21715926,-0.30808014,-0.1599098,-0.29453152,-0.086473122,-0.27815512,-0.17925259,-0.3327831,-0.26078123,-0.29229069,-0.15594101,-0.36736643,-0.35552907,-0.1325082,-0.24080312,-0.23169188,-0.1504637,-0.28622615
-0.2063532,-0.31415015,-0.21199471,-0.23492894,-0.23409782,-0.1353163,-0.19391724,-0.14982232,-0.23257975,-0.22053446,-0.22478409,-0.091663361,-0.22170378,-0.32377246,-0.1695388,-0.47714195,-0.20627944,-0.19683628,-0.24156259,-0.10899952,-0.23569855,-0.287193,-0.3219187,-0.18827073,-0.28932911,-0.17347027,-0.24463852,-0.12018085,-0.25521237,-0.25103182,-0.14078143,-0.29947224,-0.20927146,-0.30699232,-0.26553354,-0.038317155,-0.1724665,-0.24257758,-0.19988891,-0.38011944,-0.31138772,-0.047434364,-0.26991147,-0.13008375,-0.34301737,-0.13451439,-0.22794199,-0.027972519,-0.29709223,-0.24811012,-0.34703806,-0.36184004,-0.38027391,-0.17379774,-0.26331997,-0.22811289,-0.20984405,-0.18768311,-0.26671547,-0.27332345,-0.28407994,-0.15019526,-0.19253272,-0.19691139
-0.29193166,-0.1630557,-0.30477974,-0.20119925,-0.33902285,-0.22751938,-0.20227291,0.038020495,-0.35210091,-0.14885229,-0.24100254,-0.24580312,-0.10285404,-0.35548937,-0.074277297,-0.39718312,-0.15433238,-0.33348081,-0.0231556,-0.24433142,-0.39709702,-0.21977179,-0.2135006,-0.24761552,-0.14065735,-0.31078878,-0.18600996,-0.20508036,-0.36437461,-0.11403058,-0.29898953,-0.39719096,-0.22633283,-0.36116809,-0.12468236,-0.30456275,-0.12817264,-0.37935144,-0.24755605,-0.21977535,-0.1690523,-0.1774617,-0.12139747,-0.38382241,-0.089474231,-0.30304992,-0.091737054,-0.11327112,-0.36265603,-0.18153937,-0.37056819,-0.18326208,-0.431198,-0.10309853,-0.27017546,-0.019050438,-0.28040865,-0.31388426,-0.23494951,-0.23354149,-0.19082779,-0.2227034,-0.26016983,-0.14728585
-0.10079131,-0.28443471,-0.28090084,-0.18460739,-0.41276252,-0.13216358,-0.33892587,-0.11333138,-0.22783865,0.045149695,-0.18697822,-0.23430152,-0.077105656,-0.28334722,-0.14701402,-0.25356051,-0.13577875,-0.15895467,-0.12053573,-0.15296187,-0.14250553,-0.25497463,-0.21686067,-0.39200735,-0.18354717,-0.20232297,-0.30912384,-0.30440494,-0.151278,-0.11651687,-0.32657889,-0.06242656,-0.23141383,-0.25559345,-0.14474885,-0.25502539,-0.15181068,-0.39097175,-0.14802118,-0.22076167,-0.16170508,-0.14864872,-0.21124429,-0.22188248,-0.26628608,-0.12207957,-0.18720837,-0.1590291,-0.2993871,-0.20073356,0.023621516,-0.23076643,-0.19252661,-0.1726609,-0.27313569,-0.3196072,-0.26935354,-0.21734391,-0.25404325,-0.31397885,-0.042211037,-0.22722459,-0.18277001,-0.16407946
-0.24138163,-0.21152453,-0.32448545,-0.19225343,-0.23256359,-0.20372672,-0.27043369,-0.2966468,-0.24322033,-0.32639334,-0.22891943,-0.29740664,-0.2411641,-0.5153603,-0.11470642,-0.23750407,-0.34671858,-0.21271199,-0.26143011,-0.11763439,-0.28605425,-0.21321329,-0.19896735,-0.22656359,-0.26851678,-0.298291,-0.30962601,-0.35837969,-0.13442788,-0.25821695,-0.29321888,0.0093263127,-0.28698954,-0.040852223,-0.16277111,-0.10897777,-0.17266692,-0.21365419,-0.13509582,-0.3386814,-0.1832726,-0.34562457,-0.13886324,-0.30368665,-0.26565415,-0.29110226,-0.2743662,-0.1297778,-0.30366388,-0.031207126,-0.26293376,-0.17377608,-0.24832994,-0.13365997,-0.38437039,-0.13740294,-0.2929804,-0.24063432,-0.21541259,-0.21308783,-0.2620818,-0.23342498,-0.20164433,-0.13721931
-0.099159516,-0.10205039,-0.2717675,-0.14381082,-0.21710575,-0.2101953,-0.27473551,-0.22281729,-0.25917226,-0.27978519,-0.22954935,-0.21867727,-0.29150254,-0.20405968,-0.45936441,-0.26821819,-0.42558187,-0.20091237,-0.2752623,-0.32167158,-0.2550298,-0.37927702,-0.25985745,-0.14628831,-0.22786091,-0.096730642,-0.041018397,-0.077506445,-0.19204178,-0.22971582,-0.10421655,-0.16856316,-0.24833961,-0.27268401,-0.3221584,-0.25938645,-0.23773232,-0.28897509,-0.049278252,-0.18151785,-0.1506954,-0.14096539,-0.19126894,-0.22830479,-0.26141673,-0.10747516,-0.24651924,-0.17121191,-0.18179852,-0.4062598,-0.2878029,-0.42257166,-0.28138813,-0.15910386,-0.27536198,-0.23328651,-0.19050333,-0.26173788,-0.096923277,-0.30329454,-0.19115625,-0.24215613,-0.23653577,-0.13534185
-0.36462969,-0.28208387,-0.099074312,-0.2484166,-0.045534465,-0.36811677,-0.068761237,-0.2682572,-0.21453288,-0.1662282,-0.19951728,-0.17956892,-0.24093923,-0.075243793,-0.15812397,-0.12800218,-0.32903647,-0.20925881,-0.33872202,-0.15514921,-0.10109139,-0.19356023,-0.28034607,-0.055317543,-0.27311435,-0.2764715,-0.062372833,-0.264889,-0.27270558,-0.12182199,-0.26451939,-0.17691918,-0.23092473,-0.24952009,-0.16272135,-0.21990138,-0.21426184,-0.20674439,-0.18750165,-0.297057,-0.20439377,-0.26417011,-0.25700739,-0.13456468,-0.14880905,-0.07535366,-0.25503802,-0.1499189,-0.44573745,-0.17262998,-0.15957516,-0.23053251,-0.36690828,-0.17843026,-0.28518215,-0.099413767,-0.22812606,-0.19856353,-0.17581443,-0.1136885,-0.27704287,-0.21590199,-0.13071522,-0.16489026
-0.32179797,-0.28944945,-0.041469533,-0.32283872,0.046798941,-0.32098588,-0.12493706,-0.32149345,-0.17818595,-0.37220347,-0.17105097,-0.11077355,-0.20598234,-0.0757256,-0.31624985,-0.20830382,-0.34493193,-0.11880115,-0.34119865,-0.070454642,-0.21489167,-0.12578127,-0.15154247,-0.0504549,-0.29951602,-0.26311061,-0.29843861,-0.36108357,-0.41528565,-0.2102724,-0.29650047,-0.16934602,-0.25904968,-0.14351954,-0.23210905,-0.23330937,-0.13397549,-0.16431199,-0.20111915,-0.41062295,-0.26281485,-0.32817262,-0.28046015,-0.17914353,-0.2542893,-0.38553584,-0.29552877,-0.27853584,-0.28112367,-0.23620662,-0.17552498,-0.10579553,-0.16881369,-0.18283921,-0.17378584,-0.17339955,-0.16430609,-0.16616365,-0.12175205,-0.24711406,-0.20302685,-0.30597365,-0.11711331,-0.11578867
-0.13127808,-0.19424355,-0.23147278,-0.24952017,-0.20965283,-0.34452349,-0.043760207,-0.45325056,-0.16637307,-0.26218423,-0.44390282,-0.10703283,-0.23938009,-0.17158008,-0.37465441,-0.28194275,-0.21100502,-0.25056472,-0.051539067,-0.20998073,-0.31967258,-0.26134771,-0.24267323,-0.13900869,-0.23516791,-0.25532979,-0.23658092,-0.25548679,-0.10434445,-0.27759594,-0.17010735,-0.040923506,-0.16822168,-0.12470652,-0.187342,-0.34769809,-0.32562765,-0.23964678,-0.43666139,-0.20101403,-0.028901851,-0.16689697,-0.28618827,-0.22025436,-0.34151483,-0.23899461,-0.20281442,-0.12488341,-0.20772152,-0.23764475,-0.070552468,-0.33444056,-0.13427339,-0.09414912,-0.19707946,-0.25450745,-0.3439301,-0.15470618,-0.40318224,-0.33252519,-0.097778298,-0.27970782,-0.015322967,-0.20150776
-0.15466423,-0.35116911,-0.22705856,-0.27308407,-0.28007886,-0.26539648,-0.23099017,-0.17516483,-0.094377294,-0.30001134,-0.099042073,-0.2892068,-0.12480137,-0.33679131,-0.2077186,-0.27142152,-0.16958837,-0.26319703,-0.16105159,-0.31791696,-0.12247939,-0.17258942,-0.17794006,-0.40230429,-0.20567611,-0.1582364,-0.38952872,-0.2678436,-0.2529664,-0.30915746,-0.11573729,-0.29339972,0.0047838585,-0.35013705,-0.25476885,-0.16527854,-0.29054675,-0.30205697,-0.066468075,-0.17795414,-0.16342679,-0.14113243,-0.30036259,-0.19065858,-0.096564189,-0.20375429,-0.19943972,-0.11025564,-0.2188022,-0.17948331,0.042779073,-0.25353178,-0.13502613,-0.37581718,-0.22419111,-0.25432527,-0.24145566,-0.30548388,-0.16711999,-0.47025391,-0.20998186,-0.42215857,-0.065569647,-0.1920301
-0.3678793,-0.24111071,-0.27036631,-0.17253053,-0.36961243,-0.30175745,-0.18019861,-0.30725902,-0.21031651,-0.082389295,-0.066435046,-0.29328391,-0.23781911,-0.44144088,-0.1558432,-0.19635756,-0.25881335,-0.22898246,-0.22499815,-0.2476971,-0.14069019,-0.19065082,-0.2186677,-0.1470962,-0.24532518,-0.36798996,-0.21228455,-0.3591575,-0.23768736,-0.2121713,-0.27235737,-0.13505799,-0.35755461,-0.29399312,-0.26712671,-0.18160442,-0.20606537,-0.12105153,-0.20198075,-0.29465839,-0.1827466,-0.23698772,-0.28932685,-0.081279352,-0.191975,-0.027093673,-0.22118364,-0.23045877,-0.25538164,-0.25096461,-0.12203576,-0.30719599,-0.23013,-0.03661919,-0.38329017,-0.20964234,-0.20764624,-0.25410855,-0.15529507,-0.11598403,-0.19285619,-0.25641003,-0.15704671,-0.17336445
-0.17899038,-0.23535548,-0.25407097,-0.26097465,-0.10724892,-0.33168149,-0.35508832,-0.30974358,-0.15250626,-0.17883265,-0.15596524,-0.17778325,-0.24594232,-0.30970383,-0.091523342,-0.45510045,-0.22971143,-0.18776307,-0.28073469,-0.14329483,-0.25734103,-0.22360334,-0.23158644,-0.21652411,-0.24391949,-0.27473247,-0.27384129,-0.21787405,-0.14911582,-0.16198723,-0.16241267,-0.093021467,-0.1238076,-0.13512334,-0.23430693,-0.15712382,-0.13769259,-0.28275511,-0.20039591,-0.34489974,-0.21393819,-0.20839274,-0.22802998,-0.23185645,-0.16878466,-0.1099871,-0.50994384,-0.21471047,-0.21519697,-0.39406317,-0.20528792,-0.21908146,-0.085597977,0.021100925,-0.15562451,-0.089269288,-0.18954259,-0.14497894,-0.18833303,-0.24989222,-0.27322295,-0.19214228,-0.051885828,-0.15207468
-0.24969003,-0.11971594,-0.12514469,-0.10760239,-0.23916107,-0.20579199,-0.37285763,-0.17123602,-0.21004847,-0.16044222,-0.18376173,-0.32773364,-0.26027897,-0.13156329,-0.23654184,-0.22944148,-0.043256633,-0.21041346,-0.26253095,-0.27367988,-0.27558315,-0.26225442,-0.22037263,-0.180342,-0.26403412,-0.2103678,-0.21247193,-0.17126392,-0.19284639,-0.14642206,-0.18359797,-0.26848423,-0.10416645,-0.075187042,-0.29422489,-0.073872402,-0.20724547,-0.13660473,-0.062672928,-0.090643071,-0.14200518,-0.150398,-0.12414211,-0.13356453,-0.30202073,-0.26414299,-0.37676081,-0.24751125,-0.16241328,-0.19178386,-0.21125109,-0.052820757,-0.21866833,-0.31130838,-0.090479709,-0.29659423,-0.059722599,-0.1601418,-0.20302622,-0.20475332,-0.25928009,-0.24224702,-0.14264935,-0.14504917
-0.27068764,-0.24585541,-0.084649146,-0.23251921,-0.2831862,-0.25945336,-0.30312249,-0.18999118,-0.25325561,-0.32922754,-0.25541222,-0.27880219,-0.19645084,-0.47120312,-0.16750151,-0.31059963,-0.16781153,-0.37416777,-0.16137704,-0.34638801,-0.27433884,-0.32219234,-0.26850215,-0.34271082,-0.075785704,-0.22815178,-0.15187304,-0.28246784,-0.37030753,-0.23281823,-0.3133418,-0.20972058,-0.30652359,-0.31946075,-0.34806776,-0.26025501,-0.30482695,-0.20400621,-0.28228909,-0.14556779,-0.13032509,-0.16952957,-0.37640205,-0.29030693,-0.21898788,-0.27847591,-0.2459238,-0.28532782,-0.075812645,-0.33043027,-0.14749767,-0.24045733,-0.34309933,-0.23596016,-0.235985,-0.28667477,-0.2099767,-0.16535552,-0.14136884,-0.092531241,-0.15495454,-0.072769552,-0.095298573,-0.18248644
-0.2060287,-0.11029127,-0.16206685,-0.38508734,-0.25064766,-0.17758821,-0.26145113,-0.30140778,-0.2628864,-0.28910393,-0.25021467,-0.22572857,-0.13076746,-0.34702322,-0.20794457,-0.20287852,-0.37072983,-0.26460534,-0.16057943,-0.28340495,-0.25304377,-0.083200425,-0.22239427,-0.15270501,-0.22989398,-0.17109497,-0.22219317,-0.13019544,-0.18086703,-0.26048687,-0.13219757,-0.17705141,-0.0752059,-0.37666717,-0.068570919,-0.34072807,-0.23607309,-0.30225298,-0.29299682,-0.28161597,-0.4101353,-0.38215074,-0.29916644,-0.36302707,-0.23416433,-0.19772862,-0.13791685,-0.17209947,-0.1207238,-0.22331253,-0.16870202,-0.21463101,-0.25233132,-0.2580308,-0.25285336,-0.055481996,-0.30274388,-0.1483244,-0.085007668,-0.18869939,-0.11520237,-0.16461965,-0.16673337,-0.16601735
-0.32436848,-0.20740736,-0.093476817,-0.088501222,-0.35449699,-0.15959725,-0.1771978,-0.25776652,-0.1868457,-0.22155377,-0.14615145,-0.26583925,-0.24537766,-0.18350752,-0.27700281,-0.21546024,-0.31429309,-0.23970592,-0.27329403,-0.21597995,-0.25731641,0.011029433,-0.1725399,-0.29085878,-0.16741729,-0.1535511,-0.085986167,-0.13234553,-0.10736879,-0.073793307,-0.22424035,-0.17490572,-0.20716345,-0.27637187,-0.029255621,-0.20815332,-0.22130542,-0.14237942,-0.3498216,-0.37373757,-0.1955571,-0.27221778,-0.14401276,-0.16380097,-0.25346887,-0.18513957,-0.19130729,-0.15509187,-0.27851278,-0.1656002,-0.2245774,-0.30412602,-0.26922452,-0.31255162,-0.26520431,-0.43395138,-0.36056143,-0.21417195,-0.39807606,-0.15845852,-0.16758676,-0.14886048,-0.086518556,-0.2716516
-0.27980694,-0.18652238,-0.262611,-0.28756157,-0.27697566,-0.19115837,-0.28279203,-0.25760126,-0.24892595,-0.029788008,-0.20702022,-0.18339577,-0.18180788,-0.2267523,-0.22397545,-0.054786503,-0.29273897,-0.36229581,-0.26503313,-0.2707822,-0.15838176,-0.14372654,-0.36228999,-0.24173236,-0.24880606,-0.14546512,-0.2744365,-0.256742,-0.15490974,-0.16198523,-0.042858813,-0.24211304,-0.29010287,-0.36891481,-0.13062251,-0.16468407,-0.22330578,-0.194585,-0.14514303,-0.12274908,-0.25940996,-0.28107437,-0.064777099,-0.20157585,-0.21759611,-0.077928431,-0.32407406,-0.28504768,-0.21067181,-0.15957935,-0.34926677,-0.25600979,-0.077450499,-0.19420673,-0.27144191,-0.21478948,-0.37492034,-0.33963349,-0.2290684,-0.18874016,-0.29468691,-0.23754039,-0.18403126,-0.12857106
-0.20976788,-0.18231636,-0.14112002,-0.18638629,-0.18096884,-0.29204664,-0.10294787,-0.26181322,-0.21078514,-0.32280633,-0.19350317,-0.22480889,-0.2669867,-0.26682973,-0.31787422,-0.33689499,-0.22042319,-0.17452028,-0.25912312,-0.061232865,-0.38069257,-0.25307846,-0.16412568,-0.38514334,-0.22701582,-0.23638822,-0.15850584,-0.26422337,-0.14671071,-0.29201701,-0.35315552,-0.20562311,-0.23302145,-0.2135551,-0.21740349,-0.13936655,-0.45277381,-0.10849531,-0.3570433,-0.12745802,-0.31783959,-0.12071912,-0.29869121,-0.23916437,-0.11744478,-0.19624776,-0.2960811,-0.12944217,-0.1620217,-0.30514202,-0.2928206,-0.40391895,-0.16074812,-0.30387878,-0.22655508,-0.23256682,-0.32654464,-0.082065955,-0.17993495,-0.22014351,-0.33356771,-0.41558683,-0.13630795,-0.27897558
-0.33266592,-0.31901208,-0.2046136,-0.22157548,-0.30591023,-0.13784343,-0.23483603,-0.22444813,-0.091152072,-0.21037665,-0.44813448,-0.069242351,-0.34348977,-0.19061188,-0.3205272,-0.37237698,-0.27152503,-0.29198349,-0.16706169,-0.10302842,-0.28777438,-0.23990016,-0.21191502,-0.23915361,-0.25290906,-0.17860733,-0.20621511,-0.15298186,-0.11890667,-0.18225609,-0.2535181,-0.30495411,-0.19796297,-0.23449166,-0.23467831,-0.27454877,-0.34786186,-0.052032329,-0.29053488,-0.26573339,-0.26217765,-0.17209281,-0.15256074,-0.10447694,-0.16623943,-0.34063667,-0.20814683,-0.11378097,-0.25936997,-0.35873622,-0.16665001,-0.23680878,-0.20828579,-0.45502135,-0.31442839,-0.21304218,-0.29694679,-0.084974863,-0.2088176,-0.071576759,-0.31516236,-0.21522364,-0.12812494,-0.20699792
-0.33613434,-0.33579266,-0.33361763,-0.25100061,-0.25181496,-0.28228953,-0.31556761,-0.19255675,-0.22252242,-0.2950291,-0.10327458,-0.14718308,-0.37859857,-0.070178583,-0.23097898,-0.15814769,-0.089281447,-0.22761247,-0.32253808,-0.28405029,-0.22050965,-0.22212452,-0.086172976,-0.19058521,-0.11170727,-0.23832087,-0.19513112,-0.1907808,-0.20216873,-0.17584826,-0.28138959,-0.28748223,-0.19564858,-0.20905405,-0.23450984,-0.23760806,-0.36984161,-0.29475421,-0.22093037,-0.20778,-0.29680887,-0.23535296,-0.22841357,-0.28553572,-0.13105838,-0.33229896,-0.239994,-0.27428001,-0.10160454,-0.33003053,-0.14542705,-0.20831132,-0.17046456,-0.24826211,-0.24394278,-0.10190371,-0.04967121,-0.10967831,-0.080210522,-0.27397007,-0.1232044,-0.30212846,-0.071909666,-0.19267108
-0.32222843,-0.25012383,-0.12533094,-0.28361794,-0.15860017,-0.25773239,-0.20626782,-0.18794528,-0.34911945,-0.21510075,-0.19781688,-0.20720331,-0.23437333,-0.22804637,-0.2399309,-0.29122943,-0.18040389,-0.16218229,-0.22208987,-0.11954325,-0.24493609,-0.17391813,-0.30167359,-0.23959048,-0.28719905,-0.10263594,-0.19925521,-0.31679586,-0.17085044,-0.22723582,-0.31835452,-0.15703957,-0.32621184,-0.11113729,-0.17340794,-0.13266966,-0.1827492,-0.18035319,-0.087632142,-0.24605715,-0.19904724,-0.11015797,-0.28418756,-0.24600467,-0.24858496,-0.2615771,-0.11959134,-0.22638796,-0.13638745,-0.20241596,-0.15133372,-0.34843788,-0.014679748,-0.37921196,-0.19769347,-0.31970951,-0.057970908,-0.044708058,-0.16200154,-0.12201186,-0.31835002,-0.20110892,-0.17144634,-0.21710168
-0.18444623,-0.29288056,0.059577089,-0.27084801,-0.12151376,-0.19329983,-0.15521276,-0.24055009,-0.28937563,-0.29188588,-0.090016417,-0.27575263,-0.19766791,-0.33283409,-0.32028833,-0.09376882,-0.20749053,-0.25653699,-0.20749635,-0.15071468,-0.030039387,-0.17028281,-0.16034245,-0.32339853,-0.23904671,-0.11300704,-0.36001235,-0.10408314,-0.032627717,-0.24125573,-0.16285376,-0.21916497,-0.17930096,-0.2142289,-0.13944066,-0.34886351,-0.21907222,-0.11516079,-0.24865903,-0.3270351,-0.2813684,-0.22896932,-0.20672818,-0.17257278,-0.15682255,-0.12126195,-0.29479688,-0.23572853,-0.31570163,-0.040890813,-0.13284191,-0.18158299,-0.23358926,-0.19311839,-0.30024168,-0.28848228,-0.2339,-0.30927631,-0.3049798,-0.2828328,-0.27741709,-0.10460074,-0.22837931,-0.086442724
-0.13881254,-0.18035664,-0.12185127,-0.39420104,-0.17554076,-0.2959035,-0.197052,-0.33589882,-0.29556614,-0.10134904,-0.15735617,-0.29483691,-0.20946179,-0.20159276,0.0060723913,-0.18835142,-0.23883395,-0.096297726,-0.25786892,-0.054582108,-0.44745463,-0.23463842,-0.35875612,-0.17549957,-0.43582416,-0.21603782,-0.24622083,-0.10528364,-0.40591025,-0.11029071,-0.13377155,-0.22917588,-0.04910567,-0.32822439,-0.049547862,-0.25599205,-0.39896885,-0.21958491,-0.48196617,-0.049204547,-0.37690938,-0.34272623,-0.26918805,-0.1855133,-0.34820324,-0.13406971,-0.24700353,-0.25314772,-0.19745721,-0.27449864,-0.35709116,-0.19109324,-0.083683677,-0.46829066,-0.065238334,-0.11088239,-0.19821019,-0.27616286,-0.30148876,-0.13376436,-0.3090238,-0.11110236,-0.1989416,-0.12414715
-0.10261666,-0.27044815,-0.15633824,-0.18254182,-0.16544516,-0.24953751,-0.17459024,-0.32135287,-0.24309202,-0.095643528,-0.29691091,-0.078673944,-0.13541187,-0.20517725,-0.11390673,-0.001626928,-0.078598119,-0.056383815,-0.43504068,-0.05866579,-0.23675048,-0.38183144,-0.23898079,-0.15362422,-0.19086134,-0.17423679,-0.14237963,-0.2825636,-0.18812203,-0.2645756,-0.31290409,-0.18507433,-0.25761995,-0.1918347,-0.17880711,-0.34517923,-0.31431422,-0.094339885,-0.28086022,-0.40046859,-0.20215498,-0.18111134,-0.094594263,-0.19927183,-0.13181369,-0.23409034,-0.29885191,-0.12268471,-0.18619598,-0.069802105,-0.31106097,-0.28639883,-0.23060516,-0.26817942,-0.17594016,-0.32039061,-0.1231088,-0.29899752,-0.080733359,-0.24591383,-0.19823414,-0.29575261,-0.14185447,-0.21016598
-0.29425833,-0.26356518,-0.3276993,-0.22314961,-0.041103099,-0.13495325,-0.21367697,-0.24743593,-0.31331283,-0.13183838,-0.31778231,-0.1479187,-0.21038109,-0.25461155,-0.18030654,-0.24299574,-0.16556342,-0.21917219,-0.22664787,-0.30049717,-0.33792087,-0.3767142,0.027977522,-0.36959019,-0.18407752,-0.15926479,-0.15006879,-0.20347305,-0.16908047,-0.066476308,-0.28353891,-0.082305692,-0.33527365,-0.29728261,-0.33472076,-0.24652547,-0.341865,-0.20819579,-0.15868725,-0.11900277,-0.13306136,-0.16790298,-0.21803632,-0.25296587,-0.15997235,-0.19942079,-0.21154448,-0.31113204,-0.089222513,-0.1842225,-0.2368509,-0.10374259,-0.18346088,-0.32964608,-0.11426353,-0.1017861,-0.33154249,-0.36856455,-0.21646011,-0.24397662,-0.31700134,-0.19093184,-0.20604934,-0.19511265
-0.016777275,-0.23601612,-0.27786681,-0.086123571,-0.36154884,-0.21537797,-0.3777383,-0.22658758,-0.26939204,-0.12207481,-0.23594402,-0.14159985,-0.23057045,-0.32830617,-0.36226359,-0.21646637,-0.27715123,-0.20581859,-0.32545492,-0.1820699,-0.23812883,-0.30924645,-0.29462171,-0.23538873,-0.37753668,-0.1959638,-0.19647951,-0.23891085,-0.15708026,-0.17176788,-0.19307058,-0.097233973,-0.10724652,-0.22735909,-0.086298071,-0.26917213,-0.19793774,-0.081697561,-0.21171536,-0.31601739,-0.17813921,-0.17694291,-0.24732606,-0.17895085,-0.14468832,-0.17149018,-0.17155351,-0.14857659,-0.31865343,-0.2426722,-0.12874921,-0.29156002,-0.20386006,-0.33512506,-0.026944598,-0.45108506,-0.22731024,-0.30169314,-0.15162967,-0.44671667,-0.10624729,-0.10129838,-0.067028642,-0.21427391
-0.23820752,-0.19338736,-0.11641573,-0.29162878,-0.18181501,-0.19858153,-0.28163353,-0.13846028,-0.49808338,-0.047940988,-0.15153994,-0.22662267,-0.26947829,-0.12764968,-0.22179954,-0.30283612,-0.3640542,-0.16913159,-0.18265572,-0.22537021,-0.26495427,-0.042601943,-0.30505943,-0.17919992,-0.37590376,-0.29331398,-0.25382486,-0.4010472,-0.22367725,-0.21483712,-0.23455693,-0.3377403,-0.2312236,-0.25059956,-0.11996717,-0.26672083,-0.12629308,-0.33306533,-0.23566101,-0.29018551,-0.15258151,-0.34775829,-0.20390518,-0.095463745,-0.10562272,-0.35463262,0.00028876192,-0.083573006,-0.24370131,-0.33735943,-0.30712721,-0.52255875,-0.15824229,-0.14646965,-0.25700369,-0.28174588,-0.21545069,-0.2940053,-0.13232112,-0.26337922,-0.25098008,-0.27753839,-0.14805368,-0.21916701
-0.25330967,-0.21159242,-0.27681267,-0.2410793,-0.21537279,-0.08022394,-0.24718335,-0.21065181,-0.38021418,-0.16564946,-0.31581104,-0.32716376,-0.20854196,-0.37056941,-0.31295186,-0.2004226,-0.14449102,-0.26800185,-0.21180516,-0.34043899,-0.064059898,-0.20222341,-0.17886904,-0.025444986,-0.24272293,-0.071910791,-0.21982008,-0.33298954,-0.15172623,-0.12366296,-0.3048881,-0.2039434,-0.10271192,-0.28819165,-0.13967685,-0.32059467,-0.20767151,-0.35015872,-0.29240716,-0.17032112,-0.23817901,-0.21529965,-0.35017756,-0.20160098,-0.16233829,-0.3507241,-0.21860424,-0.35660338,-0.29273251,-0.30695835,-0.3483102,-0.3774561,-0.19103846,-0.20749104,-0.28833547,-0.020349614,-0.2818352,-0.33798167,-0.24577945,-0.36621886,-0.13948049,-0.20853141,-0.14680643,-0.26651502
-0.13400102,-0.3627632,-0.13288255,-0.18867373,-0.22609681,-0.25073898,-0.11919107,-0.29627421,-0.15501454,-0.30213368,-0.21199244,-0.34162912,-0.23321496,-0.12230438,-0.20445384,-0.12919301,-0.20907655,-0.29763716,-0.091471724,-0.25767457,-0.10976937,-0.2126282,-0.19396764,-0.20271954,-0.20033422,-0.26520163,-0.10406345,-0.20105702,-0.16944313,-0.011928951,-0.22462314,-0.13961969,-0.030249815,-0.14441305,-0.32715049,-0.24244446,-0.13554434,-0.085642226,-0.045286335,-0.067197591,-0.23530734,-0.19087924,-0.24755101,-0.21312335,-0.32491872,-0.25193992,-0.20308644,-0.16172931,-0.24627589,-0.23758548,-0.21277452,-0.089182504,-0.25080806,-0.19201361,-0.39316753,-0.23312047,-0.15106463,-0.071794137,-0.21300764,-0.20370473,-0.21703462,-0.39591172,-0.13911818,-0.22772978
-0.027231487,-0.16854714,-0.15027256,-0.20095338,-0.22766973,-0.17950462,-0.31184199,-0.37399751,-0.10681672,-0.3643738,-0.057320841,-0.22354998,-0.19218504,-0.2454897,-0.20225535,-0.25850531,-0.14560583,-0.30010605,-0.066516437,-0.20000523,-0.26999775,-0.27463368,-0.23634037,-0.35067719,-0.31321067,-0.3667717,-0.34823346,-0.2636461,-0.18243061,-0.16534936,-0.30913457,-0.24158898,-0.21436559,-0.24413054,-0.25725177,-0.22953656,-0.29665795,-0.24675354,-0.17892715,-0.31193146,-0.24354237,-0.14659728,-0.22841312,-0.37834761,-0.21144673,-0.20405774,-0.28767619,-0.13721026,-0.2324236,-0.31499168,-0.21290049,-0.07233528,-0.35047919,-0.18049127,-0.28020778,-0.32342339,-0.18163414,-0.28760198,-0.12489297,-0.033348322,-0.090285413,-0.25656766,-0.10108135,-0.24774098
-0.22276989,-0.20450376,-0.24829507,-0.17282328,-0.2880269,-0.34781691,-0.30278859,-0.22873059,-0.25225613,-0.25411767,-0.018929174,-0.25962105,-0.28559551,-0.22085536,-0.16489972,-0.24773446,-0.18001634,-0.15581477,-0.032355953,-0.25183901,-0.31262812,-0.10244548,-0.21624486,-0.22993836,-0.10123566,-0.22828019,-0.16581707,-0.23519517,-0.22337434,-0.30595976,-0.26700544,-0.28446695,-0.12858322,-0.20524387,-0.3420139,-0.17421973,-0.18979484,-0.070497073,-0.27693772,-0.3164314,-0.30448741,-0.15907575,-0.20466742,-0.40155062,-0.097557418,-0.21521538,-0.20229116,-0.12114636,-0.28145745,-0.1774603,-0.38556197,-0.31034994,-0.28919443,-0.202537,-0.15222025,-0.12856524,-0.097629853,-0.32834479,-0.28309679,-0.270035,-0.38103062,-0.20850009,-0.034125175,-0.20903148
-0.1028775,-0.11401492,-0.31924865,-0.43010932,-0.10543896,-0.32552028,-0.29175183,-0.27683687,-0.25346985,-0.18102987,-0.23042238,-0.14272021,-0.12655625,-0.24567068,-0.12368124,-0.20496698,-0.13954696,-0.070367999,-0.24370944,-0.074778631,-0.33100688,-0.23740605,-0.22070163,-0.2463965,-0.17955916,-0.15875643,-0.13732344,-0.13003397,-0.095445603,-0.14541307,-0.063452184,-0.26169002,-0.030078469,-0.30408219,-0.21388759,-0.35263729,-0.36945364,-0.19235644,-0.12129048,-0.15659992,-0.090128183,-0.26995662,-0.13269018,-0.38605973,-0.10142924,-0.29222405,-0.31928909,-0.38052458,-0.13780564,-0.18592028,-0.16103016,0.00012958536,-0.48662657,-0.11935232,-0.24528299,-0.065372244,-0.12392831,-0.25709328,-0.27999648,-0.3628169,-0.300475,-0.16160567,-0.17430183,-0.2552053
-0.043616209,-0.2553679,-0.31254366,-0.23184556,-0.29124007,-0.38677886,-0.16562612,-0.1723783,-0.24889937,-0.22786431,-0.17107254,-0.31468073,-0.25927782,-0.33575761,-0.21902612,-0.18421559,-0.17083149,-0.37987816,-0.24185698,-0.24648534,-0.39216888,-0.12807991,-0.20176397,-0.35142174,-0.18913877,-0.15221386,-0.20110449,-0.20449203,-0.29739338,-0.2307176,-0.22710301,-0.39225921,-0.13255545,-0.22766609,-0.2049848,-0.26619038,-0.22421277,-0.40597203,-0.10537244,-0.14500095,-0.26540694,-0.038169101,-0.28115645,-0.12289757,-0.093510665,-0.21333092,-0.14404471,-0.19619626,-0.28566024,-0.30669641,-0.21211202,-0.231197,-0.14257146,-0.16170451,-0.13159727,-0.25401103,-0.34124941,-0.14119163,-0.21182615,-0.25719476,-0.19222461,-0.23950541,-0.16038343,-0.2606228
-0.24451441,-0.1909392,-0.16656527,-0.13417552,-0.014628187,-0.21267191,-0.094817214,-0.16881637,-0.15366361,-0.20522091,-0.086177066,-0.28548056,-0.18873201,-0.26418227,-0.26752621,-0.16263863,-0.28737292,-0.24667802,-0.25146621,-0.28142047,-0.21493636,-0.1150618,-0.30463952,-0.13457824,-0.25697479,-0.2699587,-0.25322115,-0.16253628,-0.077495821,-0.31295213,-0.36922958,-0.19415614,-0.12990735,-0.2467023,-0.30514851,-0.33643347,-0.16723499,-0.18660064,-0.10221472,-0.30960596,-0.28574935,-0.30968562,-0.11881331,-0.26643077,-0.11536448,-0.27561563,-0.095276989,-0.40543187,-0.20923425,-0.10759939,-0.43885472,-0.11666123,-0.41912276,-0.17409469,-0.14049077,-0.18885666,-0.29944676,-0.2316179,-0.11524389,-0.075254872,-0.076632217,-0.11828113,-0.17984687,-0.22940382
-0.29963508,-0.3076039,-0.15614936,-0.11854658,-0.11897305,-0.19909956,-0.013230236,-0.19067642,-0.17532948,-0.14666572,-0.31048459,-0.16174868,-0.31980395,-0.089872584,-0.28606164,-0.19014353,-0.33542684,-0.25411177,-0.17073451,-0.020839958,-0.17462857,-0.097131446,-0.29396686,-0.11082655,-0.17837919,-0.13599114,-0.21764927,-0.29153311,-0.19206138,-0.33893946,-0.10111044,-0.29325452,-0.14476612,-0.38681096,-0.28572294,-0.36171007,-0.14162518,-0.29738075,-0.2190695,-0.19973065,-0.32155079,-0.21045829,-0.29069075,-0.25923416,-0.13133653,-0.42183873,-0.11601514,-0.46126625,-0.26785982,-0.27311128,-0.30189067,-0.26977366,-0.22402918,-0.16286586,-0.13888052,-0.25467798,-0.12720422,-0.34933719,-0.052448161,-0.29073337,-0.18202707,-0.27847052,-0.18727337,-0.15384594
-0.20540369,-0.14480223,-0.24644795,-0.24483424,-0.1323716,-0.35695058,-0.24691349,-0.15317455,-0.13400179,-0.22107916,-0.25263584,-0.32092735,-0.34960175,-0.18642075,-0.35167223,-0.25992399,-0.1907966,-0.11791237,-0.16661198,-0.017150961,-0.22964174,-0.17991996,-0.26580912,-0.37622041,-0.22459784,-0.14992885,-0.22564545,-0.16992378,-0.24496906,-0.20321177,-0.2693992,-0.14859064,-0.28328121,-0.31060854,-0.22396116,-0.32648405,-0.23924339,-0.29293099,-0.33100411,-0.23826197,-0.1696784,-0.23110072,-0.17003542,-0.12312025,-0.27113545,-0.10587199,-0.24659777,-0.22628731,-0.23908176,-0.19925372,-0.18650618,-0.27430186,-0.27451622,-0.30589089,-0.089125797,-0.2034549,0.0058853421,-0.27240983,-0.19926587,-0.19724627,-0.39127341,-0.26474628,-0.19918078,-0.24607922
-0.24926829,-0.17010935,-0.13014273,-0.24806695,-0.1900738,-0.37273464,-0.15431203,-0.28911731,-0.30510026,-0.28770879,-0.29370466,-0.22432594,-0.17508012,-0.31452522,-0.093417712,-0.13982706,-0.15447296,-0.13560584,-0.25714374,-0.19185476,-0.2163818,-0.21369646,-0.1936999,-0.37910691,-0.10111047,-0.35821462,-0.11167143,-0.06413766,-0.26413423,-0.13676631,-0.30044329,-0.17378815,-0.20065171,-0.2155862,-0.11240097,-0.17931557,-0.18611731,-0.38287666,-0.087621935,-0.3329826,0.045036599,-0.27358729,-0.22484455,-0.31792229,-0.21576424,-0.15814705,-0.092309065,-0.11738118,-0.14559828,-0.19797528,-0.23256218,-0.34531859,-0.062137742,-0.29096618,-0.24982356,-0.32485333,-0.34976819,-0.26545915,-0.19828938,-0.14842166,-0.24336222,-0.13556434,-0.13289863,-0.19256216
-0.36582527,-0.21928474,-0.29005218,-0.14601353,-0.21114115,-0.12188682,-0.21410269,-0.21759956,-0.27257091,-0.29065949,-0.41176,-0.16908112,-0.19608413,-0.21403648,-0.24480851,-0.34972504,-0.22156145,-0.18861917,-0.26913372,-0.28499317,-0.1525771,-0.32079315,-0.20564145,-0.2558879,-0.1408889,-0.17595614,-0.19509085,-0.2723932,-0.22969477,-0.089757152,-0.38213971,0.014078098,-0.21044828,-0.24955162,-0.23930304,-0.25359008,-0.11496875,-0.13984758,-0.20248638,-0.17775433,-0.17976184,-0.26447985,-0.21524505,-0.069985762,-0.22264738,-0.18151437,-0.27645797,-0.33060688,-0.18850976,-0.16672479,-0.26714298,-0.17584427,-0.27592957,-0.27355558,-0.16984849,-0.13966224,-0.18680234,-0.1743971,-0.32318118,-0.15119174,-0.38295883,-0.39092961,-0.17645575,-0.16683139
-0.12577036,-0.29006582,-0.2704528,-0.28953299,-0.26255944,-0.26047036,-0.20811428,-0.32064071,-0.17315529,-0.25636539,-0.18855043,-0.33162755,-0.24016362,-0.23313551,-0.19462429,-0.30476001,-0.36267146,-0.23570189,-0.1793869,-0.24946825,-0.19435538,-0.44244507,-0.27262151,-0.20348492,-0.12103403,-0.30025464,-0.19539438,-0.089802429,-0.18725176,-0.19438562,-0.33101779,-0.21588634,-0.27824983,-0.20522778,-0.22057731,-0.16877936,-0.28521603,-0.26061964,-0.0052028866,-0.32477063,-0.032519553,-0.1976137,-0.14653927,-0.23037793,-0.21154138,-0.16007225,-0.3119337,-0.24747954,-0.27862471,-0.24105059,-0.23978126,-0.27462137,-0.33695668,-0.21409121,-0.17305039,-0.24672686,-0.16839831,-0.077891305,-0.26400411,-0.14242175,-0.31722477,-0.15813088,-0.12756076,-0.22743554
0.016605182,-0.20657375,-0.27811888,-0.11355096,-0.1668507,-0.32812399,-0.061216783,-0.2554532,-0.25702131,-0.20741424,-0.20450382,-0.18626216,-0.22352572,-0.21085706,-0.20850672,-0.26276425,-0.19350755,-0.26363671,-0.21089242,-0.31535068,-0.10700075,-0.27559975,-0.28915021,-0.51327837,-0.36701784,-0.26952353,-0.15931574,-0.43286273,-0.3209928,-0.33168054,-0.032135751,-0.3679722,-0.26062343,-0.1830138,-0.25385186,-0.28771982,-0.24442199,-0.13175236,-0.25614831,-0.37247804,-0.17110246,-0.28180516,-0.19224709,-0.22537947,-0.36270243,-0.29866865,-0.27771211,-0.16808544,-0.2809383,-0.093381174,-0.26373544,-0.20232423,-0.21200882,-0.11361103,-0.26564535,-0.32040775,-0.10065457,-0.27583188,-0.35717234,-0.039976444,-0.3014726,-0.19437891,-0.068128668,-0.09888614
-0.097397432,-0.28429064,-0.30090344,-0.32910225,-0.06465888,-0.31473178,-0.13710022,-0.37706837,-0.20737045,-0.3075752,-0.14365402,-0.11702198,-0.24484801,-0.040013928,-0.29088271,-0.23483394,-0.10229031,-0.27402064,-0.2021109,-0.4059287,-0.099613011,-0.25574708,-0.20099384,-0.095497161,-0.25482392,-0.22066832,-0.33752817,-0.24562627,-0.11081883,-0.31594059,-0.144289,-0.19720247,-0.20875175,-0.13751136,-0.28510049,-0.22414035,0.0073933369,-0.12770121,-0.17682181,-0.18465012,-0.19753787,-0.44190347,-0.21898703,-0.22922355,-0.30917326,-0.35972822,-0.37556645,-0.36541376,-0.17962731,-0.23212729,-0.076823875,-0.21546158,-0.087550014,-0.25709355,-0.16683029,-0.27959964,-0.1768921,-0.21886449,-0.32208061,-0.10658389,-0.22319433,-0.12009066,-0.15359536,-0.19083115
-0.34004128,-0.33817333,-0.33984503,-0.32135051,-0.30231407,-0.45614517,-0.24456497,-0.38830444,-0.34853643,-0.33887091,-0.26544362,-0.40521023,-0.25207895,-0.28529587,-0.38982204,-0.2933934,-0.29474559,-0.33885112,-0.24802272,-0.26505324,-0.24027237,-0.19995832,-0.40671512,-0.25991881,-0.25871384,-0.25864029,-0.26125941,-0.31295204,-0.28051424,-0.36260128,-0.25240344,-0.37739241,-0.41418326,-0.28363582,-0.47769621,-0.2645852,-0.26331067,-0.29062566,-0.27428314,-0.25316188,-0.32756147,-0.35532925,-0.32699955,-0.36197615,-0.33089593,-0.38096002,-0.28840509,-0.25018758,-0.33089525,-0.33894926,-0.26543009,-0.41585988,-0.25471795,-0.24778894,-0.33507675,-0.33474645,-0.34690976,-0.29103011,-0.35029057,-0.36183932,-0.30412218,-0.31042373,-0.042554699,-0.11350979
-0.24189614,-0.23300137,-0.20051771,-0.29170597,-0.17732958,-0.31753761,-0.23632661,-0.2955792,-0.24261609,-0.15788166,-0.28091902,-0.1817888,-0.26908198,-0.30316472,-0.2675578,-0.24492481,-0.18212254,-0.24330561,-0.13046741,-0.20457678,-0.11391486,-0.18555713,-0.25350407,-0.14407595,-0.32669434,-0.15326911,-0.27299517,-0.27971417,-0.18760324,-0.37508148,-0.2042747,-0.28519627,-0.23897788,-0.30836657,-0.30928785,-0.24108811,-0.26502386,-0.24862586,-0.26304814,-0.30198345,-0.23998591,-0.2799356,-0.1616762,-0.28982082,-0.16785698,-0.23547615,-0.1434807,-0.14303015,-0.13128716,-0.2397157,-0.18071941,-0.28862655,-0.25675765,-0.16208944,-0.263659,-0.16366519,-0.25731212,-0.22593336,-0.22477794,-0.29249799,-0.20949398,-0.22499289,-0.21912748,-0.12953721
