-0.05469808,0.02269184,0.08741227,0.00984931,0.15995677,0.01074070,-0.08956800,0.15202200,0.08702154,-0.00718252,0.03767468,-0.05276898,0.08687098,0.06389391,-0.08660762,-0.12348954,0.08091994,-0.15381831,0.06730584,-0.01485584,0.12955146,0.03487008,-0.02997681,-0.04254651,-0.02199071,0.15826479,-0.03415150,0.00579364,0.01121283,-0.01346844,-0.06872602,0.00145501,0.05639088,0.08000681,-0.00897347,0.06249926,0.03243233,0.01968085,-0.05397816,-0.06406648,0.15713768,-0.03887132,0.06426965,0.05125734,-0.08918099,0.08313638,0.01179573,0.03517100,0.12752309,-0.03519449,-0.04875818,0.04320554,0.06069893,-0.04303814,0.11259547,-0.03243942,0.07282130,0.05530319,0.02777032,0.02289794,-0.10515608,0.05281151,0.06648198,0.04980248
0.02248391,0.00189765,0.01430586,-0.01005490,0.09881964,-0.11295986,0.04155113,0.15629667,0.01905014,-0.02028301,0.03786813,-0.04400154,-0.01739266,0.01290490,0.15644895,0.02026094,-0.02812662,0.04146896,0.11957320,-0.10990122,0.01034804,0.10026859,0.00139863,0.08964180,-0.02149002,0.04406295,0.00629110,0.01374527,-0.10243951,0.03379249,-0.01139130,0.01635264,-0.00254120,0.05041044,0.09132639,0.09454597,-0.06453853,0.11412508,-0.00572912,0.00853703,0.05971717,0.02541849,-0.06068497,-0.09666459,0.07581743,0.06838094,-0.03103132,-0.03248226,0.05481369,-0.01524781,0.02351117,0.01488487,-0.03266773,0.00000186,0.06858705,-0.01012120,0.00122408,0.03737057,0.01324169,0.00561874,0.00508619,-0.04867297,0.10516704,0.05009229
0.06950743,-0.01640609,-0.01032482,0.01855939,0.06828651,0.00272511,-0.07660418,-0.07830749,0.11055079,0.09136827,0.04727446,-0.10338683,-0.01825507,0.13824196,0.06132033,-0.01693716,0.03435352,0.08184788,-0.05037746,0.01186664,0.08872643,0.06138232,0.07033550,0.06585972,0.03495043,0.10963269,-0.03166887,-0.14653081,0.06949957,-0.03711726,0.04746180,-0.04535904,0.05173001,-0.01112233,-0.03934612,0.09549396,-0.03249947,-0.00692445,-0.01988738,-0.06365184,0.18291083,0.06647321,-0.02749867,0.09753544,-0.07696137,0.01555789,0.00369441,-0.02314393,0.09225766,0.00502425,-0.03411010,0.05933908,0.06837740,0.11224422,0.07499257,0.03527299,0.08674422,0.01387343,-0.01250734,-0.03711462,-0.05520514,0.07930230,0.06213450,0.06744098
0.11126867,-0.04603437,0.13112131,0.05808882,-0.04966312,0.06085150,-0.12287904,0.00397661,0.05171281,0.06701393,-0.03698193,-0.01539265,-0.07101632,0.16744098,-0.00148893,-0.10712113,-0.06466313,0.06243027,0.04045635,0.09863780,0.06518707,0.01449213,-0.03394822,-0.00942096,0.03128572,0.11806186,0.02583416,0.07054740,-0.07664760,0.01022080,0.07718585,0.07942146,0.05738472,0.03847981,-0.04896964,-0.00880818,-0.00059067,0.01504535,-0.03529207,-0.05672503,0.08427440,-0.04555177,-0.00080584,0.01429998,0.05039819,0.08191112,-0.04865680,-0.04133091,0.07341187,0.03862610,0.04643729,0.07436296,-0.06353412,-0.06919419,0.03591755,-0.00061563,0.08633583,0.13434911,0.04111963,-0.01367048,0.07243600,-0.03342159,-0.05520329,0.12037790
0.03243039,0.07870425,0.08812377,-0.06379566,0.01622145,0.13545492,0.08027058,-0.07871524,-0.01962715,0.04208373,0.04559010,-0.04270030,0.00306261,0.06898825,0.04706559,0.07192059,0.00212127,0.08873482,-0.04540038,-0.10852978,0.03188585,0.03266396,0.08853335,0.13603628,-0.06543894,0.02115077,0.13294105,-0.02491270,-0.12134139,0.06394227,0.06817645,0.13017294,0.00903830,0.01344109,-0.02909428,0.04797585,0.18401568,-0.11150716,0.04084379,0.00523953,0.04391436,0.03936035,-0.13639058,0.04422700,0.04308864,-0.05714456,0.00662448,0.10956130,-0.09368216,0.10946320,0.09229836,0.07542448,0.04553917,0.02220429,0.01169535,-0.04302927,0.04815713,0.04259855,0.06467261,-0.00185090,0.03599748,-0.10186480,0.02753632,0.06647625
0.03840551,0.10440958,-0.06834996,0.04253884,0.08795100,0.03371290,-0.04701930,0.04112627,0.14068373,-0.09146123,-0.01588945,0.11556228,0.08519015,0.05728792,-0.02752745,-0.12490266,0.04056904,-0.07078193,0.01210106,0.04740746,0.11369737,-0.00655949,0.05848383,0.04536514,-0.03299429,0.05717182,0.06136084,0.09196164,-0.12733071,-0.12108690,0.14653206,-0.05474687,-0.04660984,-0.05139842,-0.02943560,-0.06621704,0.15017547,-0.03817299,0.07131632,0.08979099,0.08929265,-0.03185746,0.04275692,0.18854737,-0.03261419,-0.08589143,0.05846002,-0.05911724,-0.10404809,0.02571525,0.08136023,0.08115777,0.05536800,-0.08583163,-0.05977963,0.08256150,0.08031918,-0.08175586,0.06537365,0.11408490,0.01719763,0.01772327,0.03943752,-0.00535359
0.04280567,-0.00516243,-0.01245359,-0.01123654,0.06216744,0.06361809,-0.01009971,0.08909408,0.02722828,0.01776861,0.00438792,0.08256637,-0.11542633,0.03817502,0.09750067,0.08738270,-0.00275873,-0.01937927,0.10864299,-0.10217349,0.00116746,0.00520761,-0.09857670,0.01462145,0.09999688,0.00327329,0.05428495,0.11528626,0.03328401,0.02965000,0.11589915,-0.01375062,0.01025327,-0.01052731,-0.15577105,0.01509772,0.08575293,0.02991818,-0.03183801,-0.08941960,0.01896678,0.00129153,0.24500597,-0.00706810,0.06548714,0.06165852,-0.11284630,0.10148752,-0.03316655,0.00950658,-0.00737304,0.06412653,0.11780421,0.00123011,-0.00718383,0.06282392,-0.03338462,-0.08244881,0.06068520,0.03350241,0.06383340,0.08453223,0.02362611,-0.00651117
0.04059650,0.04427802,0.00833442,-0.04041212,0.05106768,-0.03188145,0.01037800,0.00001866,0.08656371,0.14975989,0.01056008,0.00983410,0.15555100,0.06620745,-0.07053003,-0.06225701,-0.00827323,0.06776642,-0.08006606,0.06843745,0.05392499,-0.08407343,-0.01599636,-0.01749803,0.03453257,0.08575391,-0.00683298,0.06700686,0.03063268,-0.03896490,-0.06336737,0.17262310,0.03796941,-0.08461753,-0.01784673,-0.06455334,0.03674099,0.01343341,-0.07949094,0.06516071,0.00261421,-0.05731968,-0.05003856,0.17144141,0.06431797,-0.03524928,-0.04687032,0.10000709,0.05475943,0.01923573,-0.04650748,0.12920476,-0.01710603,-0.02898197,-0.05294489,0.09484313,0.05631292,-0.01631577,-0.07764059,0.04630578,0.11755250,-0.00285398,0.00255475,-0.02907568
0.02140976,-0.01416702,0.04158769,-0.09185383,0.01405364,0.05910856,0.02222375,-0.09799045,0.20577408,0.02983176,0.01181150,0.07381786,0.00026201,-0.08716913,0.14937893,0.01960338,0.02046195,0.10006009,-0.03184300,-0.07727972,-0.04214812,0.15390956,-0.01260605,-0.08889329,-0.06829221,0.16993436,0.02845440,-0.01536154,0.12448395,-0.01407322,0.09886262,0.02186641,-0.03342373,0.14279667,0.01292609,-0.06731973,0.10626716,0.17636263,-0.06474954,-0.01875448,-0.06285208,-0.07698812,0.05436138,0.11490333,0.07046080,0.13082877,-0.14914660,-0.05799139,0.10202904,0.05391875,-0.02021435,0.00015241,0.11328986,-0.10055792,0.10428811,0.02174131,-0.07386839,0.04587513,-0.01935854,0.01195670,-0.00680989,0.11614775,-0.01116107,-0.00821690
-0.02398978,-0.02155502,-0.08398007,0.15857278,-0.04219054,0.01958083,-0.03886970,0.07045951,-0.06200059,0.09664316,0.17221408,-0.06398806,-0.01353890,0.09477469,-0.00529846,0.01276155,0.03909370,0.06449547,-0.04476612,0.03949853,-0.03398055,-0.07869674,-0.02792639,0.04559509,-0.04978635,0.10621639,-0.04065340,0.08262333,0.12311009,0.09396759,-0.05654390,-0.08346222,0.16743758,-0.14044221,-0.11286844,0.09038001,0.04270696,0.04014221,-0.09462125,0.09297742,0.11357196,0.03067768,-0.10918767,0.09764633,0.03368513,-0.02591511,0.06129390,-0.05074528,-0.03132412,0.11858607,0.03749383,0.02930298,0.00970851,0.11970694,-0.04156210,-0.06258273,0.15637515,-0.09033885,-0.05843189,0.18160807,0.03878877,0.01269836,0.01984308,-0.00342413
0.00533041,-0.05086439,0.03675058,0.01714264,-0.04661024,0.06291796,0.01945845,0.01084215,0.07949184,0.13766602,-0.03869371,0.01312647,0.04291597,-0.08011638,-0.00035672,-0.01795015,-0.00868207,0.09306066,0.09783237,-0.07375015,-0.02211721,-0.10420159,0.08895142,0.11126896,-0.04734568,-0.05164285,0.10537626,0.01208022,-0.05251957,0.01078877,0.03408251,0.03779023,-0.04293480,0.01258336,0.08200956,-0.06305481,0.03531888,0.06574310,0.10560308,-0.10006166,0.05503160,0.03520410,-0.03647138,-0.03936004,0.00224120,0.11313445,0.00957008,-0.01244132,0.10168077,-0.14984274,0.08437715,-0.02356750,0.08730843,0.03694841,-0.03449902,0.07061460,0.03468463,-0.06156128,0.02391135,0.13624603,0.04185946,-0.05111607,0.09030649,0.04465363
0.04790430,0.01157937,0.00106953,0.00326803,0.08340412,-0.10949679,0.06721682,-0.01366845,0.04770458,-0.03663017,0.09157909,0.01418620,0.00366428,0.04231581,0.01071138,0.12455638,0.02574287,-0.06833709,0.00405908,0.01554548,0.06107274,0.03550272,-0.07217210,0.11204042,-0.00274785,0.11152731,0.02334759,0.01219845,0.02369684,0.20544472,0.00729283,-0.05908422,-0.01956368,0.09264912,-0.15018532,-0.03188331,0.16917844,-0.00077979,0.03208737,0.01554510,0.12297402,0.04701865,-0.07766723,0.02298557,0.01880619,0.03037193,0.08176624,-0.02345984,-0.07266285,0.23929454,0.01910447,-0.00776837,0.06348783,0.02438427,0.04498768,-0.17306435,0.00833857,0.10187499,-0.07123191,0.03770450,0.04879008,-0.05017317,0.00214842,0.10718625
0.02642923,0.00067280,0.02519670,0.06247873,-0.09514815,-0.05280810,0.02427427,0.04345924,-0.07667053,0.08384573,0.06868619,-0.06250006,0.10240811,0.01274423,0.01417947,-0.04238975,-0.07341757,0.05038584,0.04532033,-0.01170573,0.10690020,-0.07659218,-0.07809241,0.02182977,0.14963329,-0.07359675,-0.01908312,0.08555766,0.09701623,0.03707246,0.05145859,-0.06031137,0.03947766,0.02194267,-0.00371121,0.05498544,0.02993922,0.01377685,0.06901190,0.00428160,0.06129894,0.02605767,0.08605951,-0.03351788,0.09349607,-0.08579643,0.09195768,0.04985792,0.04721513,0.02378648,-0.04679722,0.01605595,0.01095019,0.12771280,-0.00650760,-0.07945636,0.11812072,-0.00945663,-0.15540424,0.11523778,0.06159628,-0.12549126,0.02457376,0.05334613
0.00414264,-0.03409420,-0.04804219,0.04610023,-0.11862414,0.05144861,0.04409454,0.02030336,-0.01687264,0.01837187,-0.00831732,-0.03455630,0.09150833,-0.03997646,-0.06932108,0.11572799,0.08069111,-0.11885196,-0.04393532,-0.04556309,0.02293294,0.12556149,0.04580876,0.01071892,-0.07788400,-0.03315840,-0.02717330,-0.05628790,-0.00953694,-0.04791772,0.14061147,0.01427837,-0.07632447,-0.00523154,0.14478496,-0.02294773,-0.00793136,0.15278263,-0.00176210,-0.02084095,0.11443881,0.02536473,-0.03957174,0.07204354,-0.19228415,-0.02870986,0.08773057,-0.04373196,0.08638492,0.11397772,-0.05920795,-0.00327544,0.13486208,-0.07556071,0.01763927,0.02767835,-0.08502469,0.05358169,0.14408658,0.00780441,-0.02037758,-0.01830791,0.05286304,0.03138023
0.01472447,0.12377026,0.04017198,-0.02439268,0.06554566,-0.00462206,0.05559925,0.12415154,0.04734363,-0.11483021,0.03390251,-0.01220820,-0.04050914,0.09999253,0.06519753,-0.00349477,-0.12127745,0.01573896,0.06676596,-0.06437157,-0.00858911,0.15171301,-0.00244029,0.03739240,-0.02024397,-0.00721302,0.03557159,0.09308772,0.03510059,0.04274345,-0.01994513,-0.09349540,0.01666688,0.01130877,-0.12087829,0.04011728,0.18403330,0.08973443,-0.03172627,0.04235243,-0.00847631,0.00390302,0.06760452,0.04301765,-0.05477218,-0.01451110,-0.01629571,0.16073167,-0.04862971,0.10963038,0.03808926,-0.05300973,0.08036431,0.01692840,0.06201630,-0.03561158,-0.01838665,0.06974802,-0.01066704,0.06061367,0.03252416,0.03648461,-0.01408569,0.08948462
0.13033433,0.00864243,0.04235143,0.07492883,-0.05414947,-0.04002938,0.01052555,0.07737176,0.07199053,-0.08645306,-0.01886835,0.08689242,0.05249319,-0.06020667,-0.02213420,-0.04467706,0.08992166,-0.01713271,0.06393445,0.04578843,0.01288598,0.00349478,0.04955040,0.09399684,0.02322797,0.08417108,-0.14788589,0.06239812,0.05321762,-0.00850466,0.11661620,0.11299595,-0.07980908,-0.03381693,0.07946400,-0.05651731,0.00767837,0.06616415,0.10748930,-0.14045733,-0.04010914,0.08443722,0.13334221,0.00970499,-0.01541106,-0.04896255,-0.08588759,0.02363924,0.01062740,0.13997436,0.01140661,-0.07663681,0.04737933,0.05725628,0.07821900,0.01837595,0.02210109,-0.12317666,0.01121968,0.10263035,-0.06854600,-0.03643680,-0.03821163,0.10695463
-0.08398610,-0.05068211,0.19642064,-0.14371942,0.00268471,0.10994259,0.01098676,-0.01416981,0.03925676,-0.00382323,0.14014935,0.03060868,-0.03583341,0.02420578,0.12500362,0.00702329,-0.18913026,0.05521837,0.02506159,0.05940002,-0.02071534,0.05174491,0.10449102,-0.07812291,-0.01102047,-0.12633000,0.03078526,0.13687572,-0.03747720,-0.07106251,-0.00140274,0.03756534,0.14295648,0.17278105,-0.14736637,-0.07312969,0.10487759,0.05692650,0.18183953,0.01723368,-0.07652703,0.00095762,0.09902119,-0.03285388,-0.03626934,-0.07171856,-0.02995020,-0.02273558,-0.04243642,0.04401408,0.10135053,-0.16802423,-0.03764966,0.13293108,-0.00299824,0.03975425,0.05066028,0.03404948,0.05761439,-0.10955579,0.07775679,-0.03162870,-0.02204210,0.05519376
-0.00114838,0.12443990,0.03626138,0.02065836,0.01671118,-0.01743702,-0.04231025,0.06103018,0.05487435,-0.06230151,-0.02203008,-0.00466011,0.00110257,0.19261098,-0.03387837,0.11030524,-0.07543800,0.04113618,0.00082638,0.04879270,0.11245467,0.13288565,0.02732415,0.07354298,-0.02005680,0.00731291,0.02515649,-0.01227860,0.06582946,-0.01761344,0.05003364,0.02765978,0.06134915,-0.05430809,0.06023490,-0.10774150,-0.11179310,0.05779404,0.01635399,0.02097158,-0.05626181,-0.06165266,0.07751972,0.08885112,-0.09794298,0.03602068,-0.08006043,0.12111891,-0.02778473,-0.01450152,0.10798123,-0.04310172,-0.03059093,0.08169438,-0.05655664,0.07386286,-0.03946722,0.08205649,-0.02048789,0.05714697,-0.01719821,0.00379413,0.01882040,0.01635633
-0.04706128,0.06744727,0.15589818,-0.00474920,-0.12812555,0.13652413,0.05796593,0.05746970,-0.04210475,-0.03679294,0.13252921,-0.03633291,0.02389640,-0.03850196,0.09970066,0.05019936,-0.00110746,0.05113367,0.08721317,-0.09097882,0.01434512,0.05842385,0.08039971,0.05365095,0.05020699,0.02748561,0.02351879,0.01417691,0.02456456,0.00310984,-0.11699061,-0.01415195,0.01164616,0.11392621,0.06406787,-0.01200732,0.08864252,0.00245107,0.00027422,0.04879348,-0.22879677,0.04477816,0.10901697,0.09096320,-0.07948332,0.05803051,0.03760685,-0.01333717,-0.00146770,0.01740647,0.16883047,-0.15585059,0.08978270,0.03891256,0.09003159,-0.01022608,-0.06045644,0.11510362,0.12476353,-0.07991157,-0.01940803,0.07270353,0.05357670,0.02191887
0.00159822,0.17283008,0.01276721,-0.06982671,-0.00020244,-0.06826464,0.14836714,-0.04135521,0.01566918,-0.02779273,0.08096480,0.09060220,-0.13475312,0.13393523,0.11627448,-0.07527627,0.06078738,0.02581033,-0.04617061,-0.09814692,0.04672082,-0.01538562,0.04844274,0.03440105,-0.02056937,-0.00493280,0.02637492,0.15393722,0.08996584,-0.00399852,0.04297865,0.09731296,-0.05110670,-0.07647159,-0.08701049,0.08633409,0.11710424,0.04109111,-0.05979858,-0.02157779,0.06077472,-0.10053935,-0.03313624,0.12453316,0.14480352,-0.15201029,0.05126226,0.02329769,-0.00078651,-0.00841165,-0.03112554,0.04290291,0.02736799,0.10541831,-0.04866038,-0.03439894,0.06129215,0.10760596,-0.01363422,-0.00943140,0.23398943,-0.00547047,0.03769351,0.05783633
-0.05323857,-0.04947264,0.06559581,0.02085325,-0.14402060,-0.01379157,0.00444704,0.14271225,0.01841709,-0.14213289,0.06386987,0.09166206,-0.09067661,0.13813718,0.00891251,-0.06733085,0.00793585,0.08379157,0.10898750,-0.04271093,-0.19540140,0.07990826,-0.06046546,-0.01087460,0.19307040,-0.08316886,-0.03340991,0.04920143,-0.02636838,0.04666603,0.13048761,0.06673995,0.05913489,-0.05386826,-0.00716003,-0.01598685,0.12154368,0.06191949,0.00501899,-0.03061670,-0.02399967,-0.04304014,0.17151806,-0.07064721,0.05470682,0.01360623,0.00403489,0.04137340,-0.12065464,0.04679270,0.12283023,0.01918277,-0.07196452,0.07954605,-0.00628383,-0.00230839,0.02854400,0.01488603,0.04798122,0.10714705,-0.01548580,0.05529695,0.08626433,0.06219705
0.08021588,0.21317096,-0.03680842,0.03644023,-0.08378417,-0.01552889,0.08667456,0.07758647,-0.13665575,0.10195854,0.09486862,-0.04332579,-0.07750648,-0.02106176,0.14701226,-0.02231914,0.00841997,0.00458601,0.08065711,-0.03455378,-0.04721169,0.02648487,-0.13424636,0.16179688,0.01500123,-0.01842676,-0.00584276,0.01792286,0.04648387,0.00128057,0.02484827,0.11720944,-0.00727540,-0.03630927,-0.04326629,0.07828316,0.14757413,0.02774750,-0.05831546,-0.08931496,0.01722363,0.06998873,-0.07693327,0.05502012,0.09779415,0.08984257,-0.00669403,0.04839216,-0.01484511,-0.05785419,0.03294082,-0.00451086,0.07474623,0.10202432,0.05119581,-0.11242604,0.02014792,0.00766234,-0.05572307,-0.01311591,0.10415837,0.10830327,0.05425435,-0.00740861
0.05030232,-0.00718871,-0.05682540,0.07735261,0.13648003,-0.07467029,-0.05686372,-0.08113726,0.06619181,0.01241670,-0.00268335,0.01887538,0.12819050,-0.03354950,-0.10941987,0.06846684,0.03795861,0.05069776,0.04627381,0.01925024,-0.15245073,0.09843307,-0.03133553,-0.03212059,0.12674330,0.08781552,-0.01402682,0.04792663,-0.05334705,0.03733596,0.03796382,0.06384069,-0.08506736,0.08855371,-0.01670392,0.02909246,0.11337223,-0.03025440,-0.00763919,0.00303636,-0.03018289,-0.03455775,0.05311832,-0.02091901,-0.04658039,0.05881796,0.09839951,0.03055930,-0.01513392,0.02344937,0.08948491,-0.01151234,-0.07642698,0.09428307,0.11918852,-0.02963855,-0.00822282,0.02934215,0.00461237,0.01157397,-0.00719067,-0.05067977,0.11774511,0.02660394
0.13183877,0.01228575,0.07643437,-0.02647986,-0.02853609,-0.00172546,0.00780292,-0.00014538,0.04744467,0.03834604,-0.10118499,-0.02973948,-0.05095442,0.05594448,0.06986769,0.14506833,-0.11047119,0.05787772,0.08069441,0.04573200,0.11679552,-0.11821996,0.00663700,0.07377793,0.13081057,0.05926631,-0.07612289,-0.09741183,0.14379518,0.04464051,0.10157511,-0.09676488,-0.03999110,0.00100722,-0.09379708,0.14894967,-0.03328347,0.06200927,0.02350355,0.03080822,-0.09249678,0.01836690,0.09804551,-0.07722279,-0.03599511,-0.00811346,0.06544913,-0.03004352,0.06500854,-0.01324382,0.11098703,0.03770000,-0.02308576,-0.01480527,0.10280945,-0.07853126,-0.02382113,0.06159689,0.03636751,0.13510731,-0.05767697,-0.00908975,0.04602296,0.02227220
0.07491250,0.04867933,-0.01184748,-0.04821369,0.11819829,0.01433214,-0.01393138,0.03893738,0.09312458,-0.01543646,-0.01300908,-0.05316089,0.04831778,-0.03739769,0.02209236,-0.02166752,0.06446712,0.15527515,0.02777712,0.16336027,-0.02068378,-0.11869299,0.05937638,0.03021948,-0.00851664,0.07186715,-0.02780234,0.03448927,0.04807261,0.05821122,0.18011720,-0.05569137,-0.03402278,0.00612779,0.08465785,-0.01565113,0.04975370,-0.08778921,-0.01234892,0.00565060,0.05618590,-0.00923237,0.09439469,-0.04507013,-0.09385785,0.13098380,0.03858621,0.05741421,0.04426318,0.00760834,0.04069914,0.05561196,0.02368737,0.10995866,-0.02229476,-0.05349307,0.15860765,-0.01915531,-0.03098598,0.19346866,-0.02382268,0.04888261,0.00313011,0.03933642
0.06802825,0.07828338,0.02550824,0.10372336,-0.11772842,-0.00527997,0.11178505,-0.03720127,0.10665012,0.09121101,0.06663872,-0.09336174,-0.01260958,-0.06481508,0.04497224,-0.01521697,-0.01323730,0.02776473,0.03201921,-0.00566873,-0.06106731,0.11392561,0.01894491,0.16135411,0.00432485,-0.03748165,0.10881598,-0.06635738,0.05011786,0.05310998,0.01840731,0.01554069,0.02759234,-0.12711057,0.01726394,0.01858016,0.09066966,-0.07954318,0.08470038,0.07057143,-0.01654611,0.05723187,0.02217555,-0.02021478,-0.01151974,-0.04845617,0.10420530,0.10671350,-0.00528781,-0.03544919,0.09597918,0.06572895,-0.10906503,0.13914973,0.07360397,0.00505362,-0.04192893,-0.03289200,0.05692347,0.00721866,0.11110441,0.07341345,0.07045931,0.01267818
0.07539030,-0.01697086,0.01961266,0.02855140,0.01310706,0.07095845,-0.04619785,-0.01934375,-0.00740393,0.08506323,0.05453045,0.04311441,0.03118084,-0.06413706,0.04359260,0.02221801,0.00768656,-0.04573472,0.14876057,0.08155371,-0.00304783,-0.07083466,-0.00025153,0.02982305,0.09308112,0.04562097,0.01931169,0.09330574,0.01274172,0.12007359,-0.06702847,0.11181473,-0.01108217,-0.06759007,0.10861466,-0.04228144,-0.06397515,-0.04238460,-0.02259714,-0.02941903,-0.01467722,0.06613139,-0.04232682,0.16874529,-0.10073482,0.03447632,0.04588772,-0.00849593,-0.05677928,0.11211973,0.11030946,0.02321362,0.00263822,0.06074786,0.02208097,-0.03765732,0.10065369,0.03187805,-0.05110752,0.05706947,-0.00991723,0.03086091,0.03968990,0.04024421
-0.01041539,0.05876447,0.08228783,0.12398118,-0.02482272,0.01859979,-0.03333760,-0.10436865,0.04027404,0.11738665,0.05929566,0.09530512,0.09945840,-0.05823092,0.04732380,0.00631134,-0.09229231,0.18705529,0.02462779,-0.00754420,0.07715521,0.01169270,0.04988397,0.00147499,0.04627848,-0.08612688,-0.00120422,-0.03563896,0.07713949,-0.00273557,-0.03115902,0.10322521,-0.02486617,0.08018758,-0.10496182,0.06947445,0.13827278,-0.04638374,-0.02571999,-0.01940560,-0.05852452,-0.00305605,0.03596900,-0.07076073,0.00261866,-0.07846995,0.15561225,0.10068047,-0.05960697,0.02381299,0.10302512,-0.00834664,-0.17419609,0.13977712,0.06602200,-0.02941719,0.05103898,0.07287160,0.07467874,-0.09150302,-0.03159351,-0.03150994,0.05451350,0.06714039
-0.01555320,-0.00018823,0.00584687,0.06510719,0.09534461,0.07913261,-0.07846794,0.06037983,-0.04318842,-0.10227756,-0.12823056,0.16860789,0.03197775,0.01567690,-0.03007057,-0.01881601,-0.02869594,0.14810877,-0.05505253,-0.00033186,-0.10988145,0.03111743,0.04592662,0.02667564,0.06256918,-0.03399701,0.00098869,0.08702314,-0.10086194,0.13556609,0.13087234,0.00055583,0.03277868,-0.01689681,-0.05497809,0.07084931,-0.08183406,0.11814076,0.09026422,-0.05832283,0.13519451,0.03064703,-0.13072407,0.05368763,0.01640015,0.01472355,-0.01665141,-0.10195541,-0.02588877,-0.13042535,0.11098687,0.03503738,0.06010908,0.00905017,-0.13504305,-0.03920658,0.03628313,-0.02178881,-0.00063689,0.06031973,0.07768773,0.09626857,-0.03018443,0.02816778
-0.03994662,-0.04190087,0.01906924,0.06050560,0.04133338,0.02955543,0.01879301,-0.03352975,-0.03411587,0.03493951,0.02971628,0.02695784,-0.01120276,-0.07229957,0.07412994,0.03061642,-0.04002227,0.00401071,0.02344879,-0.03433917,0.10469714,-0.10968681,-0.02045364,0.05815044,-0.06699698,0.08017772,0.01547731,-0.01285003,-0.09381541,0.09035353,-0.05186278,0.12047353,0.14565723,-0.05419310,0.08196960,-0.08458006,0.04381450,0.06216526,0.04075618,0.01677861,-0.00617238,-0.04874530,0.07096525,-0.05130172,0.09835133,0.04628888,-0.10332646,0.16985098,-0.03758536,-0.00608852,0.19623427,-0.08200330,-0.10253998,0.08534018,0.01957717,-0.03071996,0.00083481,-0.00480203,0.00089632,0.01664555,0.03073835,-0.01967026,-0.01193371,0.08711434
0.03524052,-0.04402104,0.00645452,-0.07753843,0.09444039,0.00109826,-0.02650162,0.08851802,0.09697000,-0.02508358,0.03558193,0.03301273,-0.01042868,0.13382483,-0.01900347,-0.02429548,-0.02800646,0.12274643,0.13155840,0.00152084,-0.06371254,-0.00824332,0.09879497,0.02714045,-0.13806064,-0.08319560,0.04582531,0.00274638,0.08548023,0.01378108,-0.00872423,0.07182580,-0.07876597,0.09459078,-0.00673917,0.04881604,-0.04740832,0.00751809,0.01713093,-0.05652899,0.03798134,0.13475274,-0.06058305,-0.02014546,0.04859766,-0.06117908,0.06351333,0.04179700,0.04911082,0.13759992,0.00859251,0.14520457,-0.10853468,0.04585385,-0.08879180,-0.02463178,0.04304140,0.09738144,-0.03078377,-0.04684952,0.06520953,0.09396847,0.06456690,0.00081119
0.06053356,-0.07415012,0.05577195,0.04215454,0.00593513,-0.13352573,0.12999369,-0.05052344,0.02200876,0.00698301,-0.02801897,0.04930816,-0.07386161,-0.05868936,0.02098458,0.16643846,-0.05723150,0.07844061,0.08551101,0.06469899,-0.05915308,-0.00716009,0.08177263,0.01001937,-0.03792369,0.05994999,-0.02167835,-0.08868673,0.08928315,0.00761384,0.08250917,-0.04798320,0.06915592,-0.01210743,-0.10994419,0.08842144,0.10889196,-0.03490404,0.04294518,0.07697707,0.06024592,-0.09169809,-0.10040507,0.14073972,0.10784732,-0.02193920,-0.06017714,0.01195457,-0.03927179,0.01361959,0.11695796,0.09515925,0.07241978,-0.06772244,0.03946975,-0.03879530,-0.08995366,0.03215195,0.00994420,-0.05030886,0.05804091,0.01391459,0.01087993,0.05498974
0.07228955,-0.08030313,-0.06988947,0.11832128,0.08427104,-0.03108578,-0.07799836,0.08810645,0.10511676,0.06226707,-0.01699753,-0.10552662,0.02633416,0.00276914,0.06004862,0.02213423,-0.01714492,-0.02333514,0.10248046,-0.03316107,0.03978603,0.05141274,0.05881052,0.08548018,0.10015865,0.04795336,0.03461313,0.06475570,0.04272046,0.04817961,0.03239442,0.04642651,0.14401414,0.02789146,-0.08389208,0.10157040,0.04705910,0.06824263,0.05537853,-0.03454192,0.09390242,-0.00455014,0.07295386,0.06167257,0.03776215,0.06485729,-0.00545844,0.02111742,-0.04405827,0.12211499,0.08296192,0.03399008,-0.02384162,-0.02614451,0.11043949,-0.03018348,0.05243557,0.01957068,0.02465881,-0.17328279,0.00320028,-0.07097208,0.07776950,0.08665302
0.07290238,0.02909211,0.08227460,0.08811300,-0.08675713,-0.03126046,0.03140115,0.12413617,0.02192360,0.01919921,0.01684537,0.10140321,0.00198338,-0.10973171,-0.06600966,0.15835351,-0.02804690,0.09150189,-0.01263908,-0.00838782,0.05663725,-0.02349663,-0.00076877,0.08458504,0.02608251,0.04550414,0.03410171,-0.09321636,0.06010408,0.07528269,-0.00828361,0.05839448,0.00748152,0.06844722,-0.08189230,-0.03322733,0.10485340,-0.02240916,-0.02953430,0.01229757,0.03409090,0.04940443,-0.06995262,0.02292213,0.15736204,0.07652169,-0.06922941,-0.00650717,0.07667125,-0.00994762,0.06003015,-0.08009985,0.08197273,0.03584706,-0.01985505,0.10183758,0.04656828,-0.02731705,0.13198349,0.10979011,-0.11110044,-0.05847209,0.00784074,0.05392204
-0.08247485,0.00597736,-0.13521522,-0.01833450,0.02954943,-0.16380110,0.01714323,0.00780789,0.05463875,0.05926459,0.00804982,-0.05346078,0.00323389,-0.05734337,0.10315186,0.07186183,0.03175301,0.08750238,0.05041843,0.00932408,-0.02623446,-0.04098884,0.01520902,0.12412420,0.00963160,-0.07613098,0.09285795,-0.01787838,-0.01757793,0.03098190,0.02976897,-0.02462780,-0.03320410,-0.00365300,0.02172232,-0.03210186,0.02189972,0.09964462,0.06205592,-0.11120839,0.12353738,-0.02007318,0.08497185,0.04989168,-0.05548923,0.04752284,-0.03788158,0.02586126,0.03349110,0.11250079,0.05180607,0.07835938,0.03131608,-0.05490061,0.01524985,0.11810472,-0.09431379,0.08045940,0.11873550,-0.07109225,-0.14316207,-0.02899920,0.03615430,0.04734929
0.05280736,0.08324080,0.06217544,0.02406660,-0.01517624,-0.02352873,0.02112498,0.03731499,0.05010384,-0.00261855,0.03353972,0.00958731,0.05194757,-0.04387506,-0.10888726,0.01937794,0.14798394,-0.09429071,-0.00788344,-0.00604992,0.06121634,0.05267712,0.04431093,0.05248620,-0.05445263,0.13424531,0.05127956,-0.00517362,-0.01989607,0.07819098,-0.01296363,-0.01214467,0.07832424,0.08898209,-0.09459378,0.04966113,0.06954949,0.08709718,-0.03808042,0.04252790,0.01477249,0.07066405,0.03707594,0.08741108,0.11685085,-0.02804682,0.04945819,-0.09672933,0.09296586,-0.01814092,-0.09356967,0.05898695,-0.00695770,-0.03794274,0.02599332,-0.05574134,0.09223998,0.01506833,-0.03522498,0.14855242,0.00398987,0.00141152,-0.03730363,-0.04071957
-0.09147394,0.08377161,0.09107535,-0.01043076,-0.04176844,-0.04172648,-0.00128537,0.00395702,-0.03022330,0.11560940,-0.01673081,0.05790264,0.01807267,-0.00325256,0.00002724,0.05185395,-0.02833696,-0.09161212,0.09697440,0.04157840,0.01545438,-0.06667981,0.03838199,0.07503370,0.14595823,-0.04028622,0.08023097,0.03363833,-0.07068542,0.10884681,0.12191270,-0.07688931,0.04897937,-0.06170467,-0.00256207,0.10821849,-0.11254084,0.14812744,0.12197176,-0.00907647,-0.00435022,0.01277768,-0.05131086,-0.00287144,0.01140103,0.05344330,0.02585658,-0.04468971,0.06378412,0.06494322,-0.03241350,0.05179759,0.05715291,-0.01964885,0.00118531,0.12814024,-0.05137014,-0.03378148,0.01938878,0.03645194,-0.03234211,0.01487606,0.08685814,0.00756270
0.00200686,0.01526591,-0.00963618,-0.07095274,0.01551841,-0.06756039,0.05407245,0.00833891,-0.03960500,-0.09661617,0.17466737,0.02384849,-0.13125877,-0.03021595,0.09229453,0.00121778,0.08069254,0.10534132,0.02619621,-0.08479400,-0.03615744,0.08852453,0.06072047,-0.03743741,-0.04569110,0.09250744,0.04467748,-0.00659810,-0.10073158,0.10008093,0.01799862,-0.06141468,-0.00870719,-0.04423447,0.04511175,-0.04209233,0.03803030,0.08114045,-0.01408339,-0.09454057,0.04206605,0.07219920,0.00974736,-0.06092179,0.13454163,-0.04390100,0.00250763,0.09626141,0.02770184,0.07306700,0.03039907,-0.03231803,0.01032787,0.07257377,0.03691930,-0.06675207,0.00126725,0.01316592,0.13176557,0.06350216,-0.04792911,0.05690649,0.04181447,0.04049530
0.03803911,-0.05457746,0.15218852,0.03888175,-0.08953073,-0.03330668,0.05877244,-0.05450939,-0.04803867,0.03918479,0.06692445,-0.01880895,0.02268748,-0.06847499,-0.05471129,0.00323988,0.01161785,0.12808833,-0.01770573,0.04171438,0.03346543,0.01143405,-0.10865555,0.03056830,0.05112959,0.16003527,0.06338318,-0.03111564,0.02720337,-0.07460751,0.09596490,0.09805188,0.02484629,0.04043912,0.02407206,0.14094771,-0.01322042,0.06093829,0.09738760,-0.04325188,0.08353625,-0.04662239,0.08341537,-0.03868103,0.01261139,0.05311625,-0.07456045,-0.04325487,0.10432001,0.07703243,0.03795611,0.05702416,0.07345852,-0.00263099,0.07632795,0.02335329,-0.00483097,0.03970037,0.00285754,0.02677035,0.02784125,-0.07328809,0.10104371,0.10338252
-0.06768000,-0.00502597,-0.01077992,0.09892572,-0.01238421,-0.00031543,-0.06064378,0.07247856,0.10572881,0.00696870,-0.03403481,0.12172023,0.03033254,0.01593166,0.04614415,0.06728169,-0.04877015,0.02875846,0.07896483,-0.03191074,-0.05172953,0.03340977,-0.04368822,0.04017154,-0.03554952,0.06632275,0.05488914,0.10426378,0.05992134,0.04299076,-0.01690199,-0.12520348,0.05094982,0.06058668,0.02291192,-0.00664388,0.02259383,0.11756007,0.05389641,-0.05734309,-0.02092256,0.09352347,0.14415483,-0.01175464,-0.11646672,0.06148712,-0.04465924,0.01617433,0.11414051,0.03822495,-0.00210388,0.03005379,0.05909683,-0.04230084,0.08117219,0.09206313,-0.03183889,0.02059917,0.04045538,0.03363979,0.00602020,-0.01080503,0.11321568,0.06515829
0.00617653,-0.02740026,0.02968678,0.08435098,0.02029850,-0.08880634,-0.00678486,0.05609658,0.00149158,0.06080596,0.07634716,0.03398884,0.07798550,-0.09108853,0.08632240,-0.06636813,-0.04989801,0.19399452,0.00973752,0.00196950,0.07036760,-0.12301471,-0.05812659,0.04416408,0.03077726,-0.03196999,0.12587126,-0.00243118,0.09323946,-0.00980848,-0.14755031,0.05909964,-0.04141924,0.19380973,0.10659056,-0.01286579,-0.05118978,0.04514736,0.11493446,0.05855564,-0.05683810,-0.00055820,0.11727773,0.09428144,0.06254933,0.00899547,-0.06807753,-0.01200854,0.05472526,-0.04960153,-0.09557190,0.12366017,0.08190256,-0.07947180,-0.14540026,0.15901136,0.10678282,0.16845956,-0.08700659,0.06357216,0.00859313,-0.11817291,0.04725549,0.09896549
-0.05397527,-0.04611016,0.11902058,0.01971560,0.02015308,-0.04000048,-0.02221599,-0.06580066,0.09150911,0.00921086,-0.10260886,0.12981285,-0.08192008,-0.04229084,0.06464520,0.08175606,0.06331560,-0.03530538,0.02063145,0.05007324,0.02846021,0.01551520,0.01919233,0.05810335,0.06999868,-0.05764522,-0.01363351,0.08306792,0.02876669,0.13132356,-0.00689376,-0.17525177,0.04455998,0.04585689,0.02011376,0.05712463,0.01242814,-0.03066900,0.01873155,0.02981560,0.04485129,0.05197312,0.17144892,-0.02215872,-0.08932409,-0.01500932,0.02583591,-0.02715626,0.02396381,0.11567247,0.08534948,-0.05768749,0.06300679,-0.07680500,-0.08818454,-0.03793422,0.09399136,0.05490535,-0.06497117,0.03573456,-0.04528769,0.07000858,0.07194266,0.00164670
0.00931546,-0.05179299,0.02048843,0.09581216,-0.02946189,0.01724915,-0.00879847,0.04751826,-0.05337005,0.04527123,0.04217969,0.03145524,-0.02305289,-0.00863985,0.00819675,0.11618627,-0.00228483,-0.08203642,0.02565625,-0.02936222,0.02305858,0.04950037,0.00850200,0.08453505,-0.11189120,0.03798262,0.11205278,-0.05966626,0.10274328,0.13120246,-0.12135335,0.05377685,-0.02179615,-0.00829152,0.10927569,-0.02438661,-0.12284960,0.15715630,0.06815618,0.05554906,0.06954687,-0.04770399,0.05085857,0.11943661,-0.00752559,-0.05708368,0.04830428,0.00876125,0.14049484,0.10449202,0.06078349,-0.09425287,0.07474612,0.07670290,-0.17254020,0.04881097,-0.00970624,0.10428856,-0.01637813,-0.03058564,0.09519991,-0.01517730,0.07391507,0.02900588
0.05809924,0.02423409,0.01673442,0.02941775,-0.06102058,0.09726883,0.02150702,0.07452178,-0.08281910,0.11532648,0.03942936,0.00937389,-0.00449924,-0.01637918,0.05738795,-0.03737499,0.09589309,-0.04167087,0.03298170,0.05044949,-0.01776198,-0.08206470,0.10800752,0.08288898,0.06751490,0.07540491,-0.02414278,-0.11673022,0.06854952,0.03971237,0.15955502,0.03349001,-0.11871745,0.16893218,0.07608654,-0.02547926,-0.10881911,0.02411592,0.03916372,0.03255523,0.10314820,0.00370076,0.14047727,0.09758035,-0.07231262,-0.10223171,0.00130693,-0.08348887,-0.04213112,0.10446456,0.16596299,-0.01260028,0.05214439,0.04939839,-0.01531118,-0.01760001,0.05353539,0.07212416,0.00969955,0.08418920,0.02396783,-0.04158196,0.08752062,0.03933373
0.06033928,0.01629456,0.02176613,0.09560836,-0.04211229,0.08392771,0.04585072,0.01613335,-0.04670750,0.08312359,0.05484588,-0.11459024,0.05237079,0.01521025,0.05200357,0.13878126,-0.00791681,-0.14845936,0.09206638,0.08666614,0.00009146,-0.03470668,0.05521116,-0.06404194,0.10216030,-0.04311773,0.06304226,0.00809448,0.04953457,-0.06867946,0.00081745,-0.11154147,0.03796399,-0.00361577,0.08415373,-0.05977445,-0.09306514,-0.04009882,0.05703123,-0.04418816,0.10356988,0.07137454,-0.00879101,0.13499931,-0.03639123,0.00400461,-0.05733765,0.02896242,-0.01583685,0.00793008,-0.09214357,0.11405584,0.03198990,0.02976670,-0.04614396,0.12592129,0.02983934,-0.02278863,0.11115082,-0.05250213,-0.02347088,0.03170996,-0.01551305,0.03103085
0.18015642,-0.02133296,-0.02343852,-0.03546944,0.11601651,0.06718401,0.01993609,-0.01340424,-0.04221599,0.02669239,0.06659865,-0.05769959,-0.04879611,0.01101491,-0.03355113,0.10227549,0.02442010,0.00063578,-0.04314789,-0.03961662,0.01797037,0.04887683,-0.06510817,0.09790470,-0.12532187,0.10342170,0.15465415,0.05998618,-0.18798791,0.16324091,0.06837095,0.02126753,0.06157630,-0.09013525,0.10070083,-0.08277612,-0.12359434,0.03055899,-0.04038490,-0.02894328,0.02977245,-0.05344906,-0.02371762,0.07575996,-0.01859087,-0.02556236,-0.12404418,-0.12535198,0.12963283,0.06697743,0.06297683,0.07831395,0.05310605,-0.00328821,0.07666427,0.03122539,-0.13940898,0.00189141,0.10356781,0.04437043,0.06355681,0.12449706,-0.03170624,-0.03445585
-0.07943758,0.07096869,0.00718042,-0.05905201,0.16058175,-0.02854590,0.05443292,0.01868320,0.10024059,0.03481188,0.10252908,-0.01923027,0.04191966,-0.01414737,0.01857490,-0.02703813,-0.00359896,-0.01806138,-0.06696127,0.10214961,-0.02483954,-0.04887047,0.07784562,0.03977680,-0.01885634,0.03284385,-0.00188764,-0.01883545,0.10741043,0.10574565,-0.03106008,-0.05353594,0.01070444,0.15039097,0.03794404,-0.06825022,-0.01658432,0.03853242,0.02788978,0.02061791,0.01808813,0.08435356,0.05135005,-0.03189224,0.02593901,0.05008604,0.06020293,-0.00907448,-0.01710844,-0.03411418,-0.06701268,-0.00971373,0.15027520,-0.00240088,0.05027929,0.10834394,-0.01122944,0.04768371,0.04702101,0.01303110,-0.05177712,0.06676031,0.07920243,0.03252795
-0.00398222,0.23156306,-0.20868485,0.00255512,0.12894139,0.09021143,0.03365260,-0.00158922,0.00562514,0.05420664,0.09954046,0.07032410,-0.02891323,-0.01032426,-0.04358858,0.07337057,0.05844662,-0.06151240,0.00444628,0.00148299,0.10470300,0.01435893,0.11651983,-0.04494194,-0.15584600,-0.06406160,0.16497692,0.03144117,-0.12123106,0.03081907,-0.09048355,-0.05285117,-0.02249596,0.10449027,-0.04511932,0.00731087,-0.02886705,0.05244293,-0.03426991,-0.00533302,0.04038735,-0.06477633,-0.01431857,0.09787492,0.08615431,0.00526571,-0.04140667,-0.01444160,-0.05528518,0.03682834,-0.03777917,0.06086120,0.02944726,0.03154993,0.00618062,-0.02374720,-0.00387738,-0.03171836,0.05267806,0.05377477,-0.00772542,0.14177740,0.05912363,0.01265643
0.04524507,-0.00777698,0.03982651,0.01302639,-0.05962745,0.03244813,0.00821478,0.03010485,0.06376293,-0.06291608,0.00488094,0.16666052,0.05685559,0.01515010,0.06077770,-0.00842526,-0.04992130,0.05488422,-0.02536963,0.05394956,-0.11341334,0.08115961,0.03545269,0.05793576,-0.03655435,0.01341633,0.00182475,0.03702403,0.09759945,0.06351613,-0.02735137,-0.03141643,0.03803269,-0.04576040,0.13110042,0.03169881,-0.10492191,0.04386408,-0.04845355,0.05314314,-0.06746703,-0.06162205,-0.04427404,0.06427679,0.06584802,0.00723720,0.05471021,0.06308607,-0.00110166,-0.05820441,-0.05044622,-0.02021229,0.07608283,-0.02711305,0.05952797,0.08981609,0.04936733,-0.11281596,0.02425411,-0.03816357,0.07638951,0.01465094,-0.01862562,0.08776081
0.09848132,0.04961027,0.05170707,-0.07477140,0.12742381,0.06033382,0.04371044,0.01518171,-0.14518267,0.15689418,0.09081536,-0.09239465,-0.03087699,0.07696079,-0.01192701,-0.03384022,0.04994964,0.07679985,-0.05794139,-0.04828715,0.08914465,0.10667633,-0.01271806,0.07624795,-0.04261716,-0.03682037,0.10063183,0.01144835,0.06983614,0.07054057,-0.02819504,0.06579819,-0.01281586,0.01023000,-0.01197665,-0.01878446,0.08130374,0.13778804,-0.00959828,-0.05629127,0.21193349,-0.11310498,0.06784384,-0.02582140,0.11062969,-0.08321348,0.08442621,-0.00620823,-0.04422845,-0.04423750,0.11879060,-0.04461600,0.12440825,0.04990273,-0.00375235,-0.00978606,0.05396594,0.09376793,0.05299998,0.06408820,0.02546251,-0.01607965,0.02222360,0.07567881
0.02954781,-0.02280852,0.00489365,0.05466526,0.10525049,0.03624642,-0.02271097,-0.01535418,0.00183851,0.11029676,-0.02830461,-0.02460983,0.17929678,0.03304646,-0.00868900,-0.00145287,-0.00950108,-0.09824841,0.04917701,0.03119484,-0.03484957,0.03892503,0.02985811,0.02151580,0.04396737,0.06067872,0.00101998,0.08682195,0.09622567,-0.02732595,-0.13723440,0.01208694,0.14883448,-0.03622625,0.11396596,0.06296308,0.06326808,-0.05502513,0.01814545,0.10560589,-0.00281603,-0.00688699,0.02988763,0.07885647,-0.06593568,0.02805934,0.06917927,0.06994011,-0.03413196,0.02386314,-0.06555158,0.07426139,0.06531852,0.01746510,-0.02094869,0.09329588,-0.01149575,0.03889379,0.04671899,-0.05540904,0.11647683,0.04633570,-0.00712602,0.08242998
0.05683108,-0.00284859,-0.05079835,-0.02094464,-0.01157673,0.10184781,0.10483930,-0.11576132,0.02788535,0.00771740,0.01453256,0.03000263,-0.08270104,0.08603095,0.12156423,0.12387990,-0.06696077,-0.06540972,0.06994252,-0.10141389,-0.04205713,0.11799405,0.07080963,-0.12438915,0.03892078,0.00393401,-0.01627917,0.10343489,-0.03309004,0.12237944,-0.05410569,0.00155711,0.07843813,0.01128878,-0.15725225,0.03942170,0.02809315,0.11784651,0.14510575,-0.18275166,-0.00879605,0.03026226,0.01859671,-0.05209721,0.03068349,0.05395669,-0.05105694,0.07622747,-0.00483400,0.04068637,0.00288756,0.05407851,-0.13792326,0.05658237,0.01374078,-0.02277310,0.03409156,0.01446948,-0.08880237,0.05211043,0.13770510,-0.03475114,0.06536157,0.11706014
0.12599912,0.00004771,-0.04353245,-0.05887697,-0.05045395,0.03646614,-0.02012330,-0.01171408,0.15610541,0.04240505,-0.01282774,0.01361852,-0.09498930,0.05895007,-0.01603037,0.12160423,0.06715789,-0.03160046,0.04430419,0.07200626,-0.02753144,-0.02164596,-0.06593964,0.00335883,0.01981014,0.03315780,-0.01025177,0.06010095,0.03842420,-0.04142271,-0.02922776,-0.14673585,0.13767084,0.10349317,-0.08559130,0.07262385,0.00545550,0.01491064,0.07352980,-0.02376945,-0.08229194,0.17557409,-0.03037918,0.04651459,-0.11171586,0.08217270,-0.03250442,0.02271298,0.06772556,-0.08851150,0.07802188,0.12062979,0.01356227,-0.09937049,0.14934379,-0.04312400,0.02300724,0.02626574,0.03921295,-0.05310990,-0.02577821,0.04564509,0.07189368,0.07547510
0.13709496,0.08904454,-0.02071957,-0.00346088,-0.01081899,-0.06015399,0.00457181,-0.03920402,0.01535873,0.05162694,0.16905077,-0.03173206,-0.08341660,0.00456968,0.08712182,0.08487962,0.03558138,-0.03291376,-0.03889798,0.06678198,-0.05364551,-0.06497103,0.20226265,-0.10268021,-0.03389930,0.04009652,-0.01968463,-0.04372019,0.00189742,0.03578902,0.06454376,0.00554959,0.09741679,0.05627408,-0.02612674,-0.07000033,-0.02315309,0.12638862,0.08931866,-0.00770008,-0.02612150,0.08603813,-0.02215947,-0.08719495,0.07612927,0.06284977,-0.11569820,-0.08310460,0.05207229,0.08316281,-0.01072874,0.06392699,-0.03925147,0.01743386,0.06448403,0.08579502,0.03358528,0.01611747,0.09348704,-0.05736668,-0.01787903,0.08710983,0.00436031,0.00047972
0.06659861,0.10065851,0.00722778,0.00294416,0.06521066,-0.05421968,-0.04415191,-0.03249687,0.00878263,0.17703682,-0.10532982,-0.03253397,0.15036450,0.01837320,0.02037483,-0.08989651,0.18660301,0.02271813,-0.02841596,0.06747802,0.02179013,0.04230153,0.03268375,-0.00313482,0.07279272,0.12815368,0.03947869,-0.07990109,0.00946902,0.02448252,0.00056912,-0.02310111,-0.00768530,0.02147954,-0.01568828,0.01174328,0.12984155,-0.01500149,0.09483592,0.07351246,-0.10927067,-0.00205165,0.03394485,-0.01459111,0.12312403,-0.04284319,-0.00884967,0.03003084,0.05588325,-0.00947521,-0.04738256,0.12405373,0.01686990,-0.09373461,0.11892624,0.00251865,-0.13222481,0.06695969,0.10338922,0.05914291,0.02563824,0.06968224,0.03023131,-0.01439309
0.08968927,-0.03259429,0.08043665,0.07558507,-0.01889893,0.03820740,0.04353908,0.00422590,0.03301418,-0.08283686,0.08239339,0.10672114,-0.10352229,0.02675297,-0.07658086,0.10384112,0.11530793,-0.01610709,0.08033192,0.01754417,0.01218148,-0.01811143,-0.00810588,-0.05234394,0.01711238,0.08129818,0.07558861,-0.05665954,0.05673247,0.07547504,-0.00870904,-0.00565249,0.07113944,0.02326906,0.01363398,-0.07809836,-0.04427209,-0.00537305,0.10841129,0.05464962,0.07747954,0.08038265,0.04921655,0.03473215,-0.02508215,-0.03201872,0.03911268,-0.08971753,-0.04554987,0.08409157,-0.02956148,0.03953576,0.01446478,-0.01620888,0.12980267,0.04262591,-0.11410247,-0.08364005,-0.04994200,0.09834695,-0.00600329,0.09419360,0.07596731,-0.00136203
0.07000752,0.08387968,0.03275052,-0.06392540,0.01747215,0.04196386,0.02316943,0.11467013,0.00615483,0.02678956,-0.04875920,-0.13792381,0.07391319,0.05107260,0.13315181,-0.06404966,-0.05197821,0.04994734,-0.00106879,0.06516080,0.12709458,-0.02278868,-0.16975284,0.10013799,0.10250213,-0.02431671,0.11695241,-0.00827982,0.08931980,-0.03201324,-0.04460895,0.01262092,0.09939038,0.04552883,-0.03363562,-0.06224558,0.10743374,0.09845792,-0.03990652,0.08900665,0.02703738,-0.05564771,0.04608544,0.00294203,0.13371095,0.04357350,0.13870046,-0.03444348,-0.00760724,0.02060088,0.05877526,0.01481605,-0.02804798,0.08358889,-0.00429378,0.06940629,-0.01041733,-0.02198068,-0.01577268,0.08033982,-0.02461274,0.01574758,0.05756462,0.02287095
-0.00437115,-0.03230255,0.12690239,0.08987337,-0.05281595,0.02888972,0.12470648,0.06911357,-0.03051827,0.08191846,-0.00986097,0.16232869,-0.05852132,0.05315209,-0.00926953,-0.04577547,0.08826122,0.02421284,0.05478374,0.03475337,0.15459748,-0.00471875,-0.12581265,0.07046901,-0.05630454,0.03421813,0.02918041,-0.04311529,0.09745900,0.06104327,0.09143842,-0.08197631,0.07725620,-0.12857884,0.02279439,0.02118444,0.04716175,-0.00793328,0.03189265,0.04192660,-0.00074954,0.13556677,0.01213442,-0.01336544,0.09583575,-0.04537421,0.07648034,0.04183938,0.09581434,-0.01546978,0.05812654,0.08423860,0.13591355,-0.06781414,0.10976709,0.13024384,-0.01828270,0.00542236,0.04079217,-0.06433145,0.01385075,-0.12478671,0.13847755,0.09191488
-0.00393082,0.17582159,0.01411490,-0.10741119,-0.00253143,-0.04804539,0.01467949,0.15133475,0.04783326,0.05541976,0.01810432,0.02552589,-0.00729959,-0.04567947,0.11197913,0.03470069,0.02122480,0.00411052,-0.10888736,0.11320099,0.03466172,0.06694504,0.03790948,-0.02851650,0.12371399,0.05285864,-0.10096821,0.18946902,0.04657277,-0.00201074,-0.04634343,-0.03691727,0.14584675,0.09587222,-0.11581674,-0.01937819,-0.07460220,0.06947378,-0.02985978,0.00259022,0.18869880,-0.02112629,-0.07504698,0.08514855,0.01228309,0.01742993,-0.02878111,0.01325483,-0.04992789,0.07790292,0.08153674,-0.10337309,-0.03938692,0.08366726,0.10263383,0.00380039,0.07075346,-0.05153437,-0.14156632,0.12222633,0.03932927,-0.00063619,-0.02085603,0.05356376
-0.03040072,-0.09279601,0.06045452,0.10383997,0.02481568,-0.03985804,0.09464470,-0.00454819,-0.07969887,0.07363283,0.06913522,-0.04862054,0.11222409,-0.00001188,0.02786763,-0.04200726,0.02398919,0.12762892,0.10872099,-0.02091828,-0.06021786,0.10821865,-0.08239661,0.00053581,0.15359917,-0.01832502,0.06326121,0.03506998,-0.07841930,0.06733181,-0.01979699,-0.04992114,0.08778226,0.06656648,-0.03166269,0.00795741,0.00769889,-0.03544386,0.06654169,-0.08444663,0.07218444,0.06889809,-0.06586187,-0.08874381,0.12928723,0.07015591,0.05946466,0.03559026,0.03907898,0.08811232,-0.06994978,0.01639911,0.09283692,-0.05048447,0.01073939,0.07735538,0.07025474,0.04234879,-0.00686680,-0.10756876,0.05568748,-0.03229978,-0.01276679,0.10801540
-0.12181009,0.08679235,-0.10556336,-0.02535147,0.10684615,-0.00309162,-0.04470838,0.01658903,0.08980060,-0.03522267,0.04971424,0.13594493,-0.01335823,-0.06530634,0.09602826,0.03125657,0.03305806,0.09980905,-0.01563604,-0.06788303,0.03508754,0.02405380,-0.09613534,0.06942882,0.11117288,0.07084808,-0.00281983,0.05294013,0.04473538,0.11184226,-0.04301815,0.05706027,-0.07495779,0.09242649,0.03761722,0.03480576,-0.00915700,0.06669118,-0.03714652,-0.10704852,0.05731122,0.11436830,0.05340044,0.18072051,-0.05638397,-0.02301422,-0.00778005,-0.05438607,0.06851409,0.16714799,0.08773489,-0.03658729,-0.01948977,-0.02676095,0.09142079,-0.04595073,0.03941833,0.15971471,-0.07074793,0.03422574,0.01245735,-0.06884038,0.05155754,0.08743871
0.14795429,-0.09571398,-0.00111517,-0.01499111,0.07236271,0.12539008,0.02090497,-0.00125218,-0.04702214,0.03452837,0.14856566,0.00971853,-0.01452643,0.09856024,-0.09398032,-0.00075584,-0.03615057,0.06270079,0.09155128,-0.00621921,0.04370741,0.02240335,-0.11555982,-0.03586525,-0.01923388,0.00865144,0.20106338,0.01864297,-0.06759658,-0.01496415,0.06138662,-0.02795364,-0.03185054,0.09091611,0.05541410,0.03856389,0.07237928,0.10651433,0.02486912,-0.03770269,-0.02694630,0.07235312,0.01961428,-0.07130523,0.06004086,-0.01125828,-0.03552308,0.08288548,0.02915390,-0.11684447,0.08298887,0.00577269,-0.00896431,-0.02530531,0.04427321,-0.00881229,0.04962664,0.05382397,-0.06601948,0.01818559,0.05463774,0.10276523,0.02611043,0.00999164
0.05511444,-0.04967864,-0.14254552,-0.07633115,0.01927186,-0.08910662,-0.01712319,-0.02229538,-0.00775139,-0.01000157,-0.00209243,-0.00809138,-0.01679236,-0.02480949,0.02829892,-0.03939954,0.07220713,-0.00574104,-0.01309662,-0.07619204,-0.00224073,-0.03137672,-0.05006056,-0.14950842,0.06767746,0.02744606,0.01027121,-0.15284777,0.05826414,0.01024343,0.02645135,0.01737028,-0.01447332,-0.07637209,-0.05560328,-0.12674055,0.11877383,0.04220708,-0.05071555,-0.12644076,-0.02109340,-0.06287390,-0.00212090,0.03788883,-0.06688248,-0.09564948,-0.11635815,0.03529710,-0.00919494,0.03745132,-0.04522119,-0.06450570,-0.09487385,0.05239901,-0.01926305,-0.06803134,-0.00826070,0.04316548,-0.01433464,0.00292798,-0.07094159,-0.08873770,0.08247037,0.02594827
0.06239825,-0.04281594,0.02753197,0.02590921,-0.00392166,-0.00386416,-0.06542481,-0.11900525,-0.01338234,0.02011641,0.00012832,0.02763981,-0.09663907,0.05826937,-0.10040442,-0.03628132,0.07315314,-0.09052074,-0.02787446,-0.04370018,0.07785590,0.01517342,-0.13931373,0.01027586,-0.01239564,-0.02752861,-0.00059109,0.00100064,0.00300482,-0.10707854,-0.00955050,-0.02931712,-0.07543743,0.09167273,-0.09482927,-0.03897789,0.08191689,-0.08362800,-0.03375859,0.04898156,-0.03777368,-0.13250953,0.06063804,0.06654427,-0.02124065,-0.04412654,-0.09069372,-0.05000931,0.05579799,0.05377773,-0.00738153,-0.08419524,-0.02831508,-0.01210401,-0.04023864,-0.02714942,-0.06440531,0.01595450,-0.05407503,0.03418599,-0.10514668,0.05057935,0.03917151,-0.06391728
