0.12238335,0.05913227,0.21182406,0.15533909,0.13458546,-0.05758364,0.01930668,0.15355191,0.07125404,-0.04168760,-0.09027646,0.13996686,0.09753627,-0.05328465,0.08508619,0.26332167,0.08792733,0.14918867,0.11113513,0.10007771,0.09082984,0.06574452,0.01204216,-0.09441183,0.17046021,0.10287069,0.10095273,0.07432003,0.10563026,-0.10296965,0.02687058,0.04967816,0.23566771,0.09847535,0.12973024,0.07805143,-0.02378063,0.11577514,-0.07764387,-0.03193326,0.07376657,0.03482059,0.07224218,0.09201368,0.02948943,0.22731303,0.11288099,0.03684561,0.07435081,0.03083452,0.11497665,0.23664612,0.09558489,0.17061377,0.17267047,0.14918204,0.15705571,0.01131860,0.10555843,0.07108124,0.02205403,0.03193389,0.31524777,0.12483027
0.05454027,0.05902680,0.08044020,0.22620560,0.16755460,0.13466167,0.10897695,0.15961152,0.00469837,0.15187030,0.01097270,0.24541894,0.14258401,0.16290799,0.13675597,0.14226766,0.00881516,0.15290879,-0.03510913,0.06077797,0.13040660,0.07758603,0.07044291,0.13856995,0.09598146,0.14313357,-0.02516736,-0.02344485,0.01891430,0.01518205,0.17587630,0.08757161,0.09641704,0.18533452,0.20172969,-0.01951457,0.18856423,0.15636764,0.00094057,0.21124445,0.28742158,0.14816397,0.06258921,0.05796596,0.04182727,0.10056312,0.02945168,0.04512415,0.10464377,0.14399494,0.07357835,0.09436085,0.15181437,0.18817419,0.16366440,0.02649712,0.16261014,0.09831053,-0.02328809,0.09036881,0.05600235,0.12730657,0.30921894,0.03896048
0.22894424,0.23406816,0.15390255,0.08094785,0.01555568,0.04242112,0.07350077,0.04250805,0.04882883,0.24981931,0.05746773,0.11521915,0.05693963,0.11353287,0.12506354,-0.01887793,0.12599488,0.03350064,0.15804914,0.01558055,0.28692263,-0.02548623,0.05311318,0.09348279,0.13915639,0.21088628,-0.10847536,0.12882626,0.11420605,0.19340192,0.09387683,0.07676984,0.15760379,0.09880497,0.17187586,-0.09073918,0.06237864,0.05543785,0.12435228,0.15365835,0.21181598,0.01679586,0.06512650,0.00448909,0.13160579,0.10209788,0.22066389,0.20299874,0.16332887,0.05708706,0.05034416,0.19662829,0.03823666,0.02048033,0.01918643,0.19373484,0.07520121,0.07622097,0.00963081,0.07205462,0.09139071,0.16510859,0.14874108,0.06629881
0.11503214,0.05399916,0.13468906,-0.03406177,0.06159482,0.16706231,0.06852743,0.15971723,0.15275380,0.12814657,0.07354709,-0.08505636,-0.00543287,0.27238032,0.04981903,-0.06509613,0.16055171,0.13966987,0.18763195,0.08628280,0.15620247,0.09164878,0.18202940,0.18751970,0.08060642,0.15444335,-0.00933725,0.16064942,-0.02010689,0.21658373,0.02380147,0.13491420,0.17380035,0.01826978,0.04249800,0.08839384,0.10337868,0.09179229,0.01243456,0.02171794,0.06045188,0.04665341,0.06445573,0.09675699,0.17444305,0.05123783,0.01333665,-0.04105815,0.18078516,0.03558077,0.15790680,-0.03413150,0.06252175,0.12185731,0.15718319,0.09500180,0.03432240,0.17186981,0.12022020,0.05073855,0.05616092,-0.03236707,0.28280634,0.11521409
0.24512735,0.19897321,0.07275039,0.01324181,0.25145847,0.09909866,0.09812333,-0.04614728,0.10250130,-0.10782395,0.06892477,0.00157808,0.29231536,0.19454676,0.07035214,0.07491004,0.08472897,-0.02377230,0.02467730,-0.00295976,0.12430827,0.19582993,0.30762589,-0.00775623,0.03809334,0.14085412,0.19569179,0.16693659,-0.07036398,0.01280718,0.20835289,0.12877490,0.03032921,-0.07976607,-0.09068697,0.24632920,-0.03016211,0.14450061,0.22141925,0.02025706,0.20812319,-0.02352882,0.09823616,0.10366423,0.08182818,0.11921946,0.10690179,0.13753992,0.18089539,0.17604935,0.16823822,0.08256821,0.18399628,0.12705098,-0.06296889,0.02721211,0.14153275,0.22140302,0.07035777,0.15951516,-0.08530976,0.09478887,0.23194562,0.11017802
0.03088059,0.05509891,0.26557934,0.09413669,0.11073308,0.11970162,-0.03787113,0.19491997,0.04589599,0.08473494,0.08416705,0.17814283,0.09766103,0.03780270,-0.07967006,0.15598398,0.02356131,0.15858433,-0.01003017,0.25256056,0.08115599,0.06612704,0.11278611,0.09117320,0.07455389,-0.00303169,0.22004919,0.06043253,-0.11104763,0.24048597,0.15826796,0.16907561,0.05162623,0.06423846,0.09553836,0.21091171,0.10160424,0.06836826,0.00563008,-0.00289554,0.13116920,0.07944616,0.15252092,0.12608103,0.16955642,0.05848717,0.04957187,0.05247498,-0.02248629,0.12722696,0.11694638,0.30943704,0.10888730,0.04831654,-0.03228619,0.11437976,0.30649099,0.05912544,0.02613362,0.18577088,0.18496178,0.16525014,0.17345564,0.07716103
0.07492878,0.15259551,-0.01036762,-0.05580273,0.11571069,0.05719159,0.13911727,0.09855188,0.18515015,0.04031345,0.20010827,0.07832043,0.24405479,0.23259898,0.06482882,0.08003331,0.03983784,0.15697196,0.04907744,0.07581791,0.20800464,0.01619142,0.01550724,0.31337786,0.13719983,0.27840123,0.19029099,0.16907175,0.05025420,0.08154214,0.08175273,0.19227538,0.13466470,0.02488777,0.05791820,0.11424552,0.02238820,0.04298170,0.12167564,0.08231215,0.10540770,0.11983825,-0.00764235,0.18106915,0.12131581,-0.03392095,0.06236598,0.12792882,0.07578785,0.11300763,0.10451500,0.17333707,0.07060007,-0.09107977,0.04703805,0.21526837,0.03992052,0.05052442,0.14445476,0.13910918,0.24188213,-0.03947490,0.07348804,0.12131428
0.10932567,0.01563279,0.04431814,0.19857270,0.10011426,0.13809358,0.15308756,0.10767472,0.30121046,0.10100337,0.16271974,0.18454102,0.08456819,0.01228276,-0.00413544,0.11099019,0.05285598,0.05585216,0.11754557,0.17344782,0.12650178,0.05435361,0.06392606,0.08364795,0.11052874,-0.01875296,0.07242316,0.03205396,-0.13307919,0.06487469,0.12269178,0.04312777,-0.01064567,-0.13156439,0.08758052,-0.00711933,0.10319877,0.21827160,0.10238697,0.08917022,0.19552784,0.05301410,0.20671707,0.29006273,0.16190295,0.00918662,0.12105244,0.01957140,0.00257173,0.11473951,0.07860439,0.08983911,0.12155666,-0.00952142,0.07651336,0.11600737,0.03643981,0.02141863,0.05992477,0.09095906,0.09259764,0.14532241,0.28063866,0.05562284
0.04406238,0.16824442,0.14610974,0.15306987,0.06335791,0.19176336,-0.02803599,0.03628131,0.11146361,0.11507794,-0.01115761,0.04951146,-0.06293492,0.11476160,0.10785786,0.09601542,0.10562771,0.14054221,0.11546008,-0.09296925,0.02437544,0.14061391,-0.00690918,-0.00137538,0.23075555,0.19662091,0.22802752,0.20701590,0.14298761,0.19188978,0.07680947,0.03556269,0.18390310,0.05605869,0.03863529,-0.00387501,0.15724668,0.17131115,0.05410383,-0.01660698,0.06111593,-0.05772621,0.20239732,0.19402038,0.10117508,0.04033654,-0.13132943,0.02646589,0.23029265,0.09906756,0.10458675,0.15933126,0.12027822,0.16962621,0.06966513,-0.02087808,0.07766600,0.06928488,0.17532627,0.15174657,0.19344729,0.13304465,0.19283511,-0.07874386
-0.02745285,-0.04232500,0.32293448,-0.03391261,0.17857051,0.01769450,-0.00362114,0.10488371,0.17668810,0.23701541,0.08659057,0.02993011,0.20394537,0.05123615,0.00263306,0.27167618,0.03543759,0.10433502,0.05484637,-0.08215585,0.07508584,0.20653284,0.02785019,0.01104293,0.12608141,0.09329667,0.14949727,-0.01569818,0.10120365,0.03760438,-0.06306652,0.19036174,-0.01314336,0.06566453,0.12939857,0.03326226,0.11438099,0.03159861,-0.01081309,0.06968728,0.20051964,0.25673789,-0.00872507,0.12852901,0.04907971,0.06196092,0.01070760,0.17264166,0.12540770,0.08833196,0.08055943,0.11471207,0.08327270,0.04318749,0.02338959,0.11629914,0.11247276,0.21108748,-0.00006534,0.11324549,0.20114103,-0.01072758,0.13575949,0.07838881
0.15030582,0.00397171,0.04808500,-0.02489933,0.14383161,0.08152362,0.19954343,0.03701484,0.05969863,0.10577271,0.11177864,0.18382692,0.17693102,-0.01735942,0.02253505,0.17266802,0.02360290,0.15636744,-0.01494595,-0.04164857,0.07054441,0.07912070,0.03289170,0.15974073,0.05856484,0.18300669,0.09455612,0.12707356,0.19008434,0.12626447,0.12333611,0.11924011,0.11085300,0.23158611,0.06838458,0.12080792,0.15452433,0.22976917,0.11295445,0.10252999,0.12548000,0.10267209,-0.04561393,0.06023848,0.18162869,0.09005940,0.15139189,0.13334236,0.01670559,0.20391941,0.02271866,0.10656942,0.05556242,-0.02110403,0.18248966,-0.02966620,0.04770286,0.15208845,0.01860242,0.18953738,0.12024313,0.11577500,0.22006445,0.10644892
0.10627922,0.05597968,0.08809867,0.23086926,0.13891985,0.15450299,0.10152307,0.00980505,-0.00653877,0.26043290,0.19165033,0.04923869,0.20908348,0.08766114,0.12230600,0.22743699,0.22419533,0.04602982,-0.04522580,0.18148279,0.08510030,0.06518553,0.15944135,0.12284007,0.09248672,-0.06116032,0.10806230,0.16121995,0.18619861,-0.05162512,0.13212745,-0.02820261,0.07675349,0.02498527,-0.08937518,0.12982176,0.07103029,0.13980338,0.09817835,0.10637209,-0.02222856,0.21407364,0.10335542,0.17881338,0.05050812,0.05284634,0.03292824,0.04806599,0.12825568,0.08190383,0.13278313,0.15099303,0.09264661,0.29155803,0.09577009,0.00349126,0.14645594,-0.06073248,0.16050547,0.09408477,-0.04691775,-0.00656623,0.29618791,0.06436080
0.17909865,0.18309127,0.03930602,0.20850442,0.04405282,0.08367809,0.05949886,0.07700142,0.19021225,0.01964130,0.02349284,0.07910261,0.12066937,0.06346042,-0.00397454,0.06589814,0.06755500,-0.03952767,0.01541852,0.10090190,0.03217001,0.00239577,0.09031310,0.08260835,0.04775798,0.14862363,0.17393228,0.16902593,0.10034560,0.10799953,0.06805392,-0.01305201,0.09675053,0.16937527,0.06531351,0.19080897,-0.00348789,0.17772225,0.24139777,0.09945954,0.06441490,0.14151548,0.08531214,0.06270808,-0.06517871,0.06327408,-0.00442017,0.31486386,-0.01210591,-0.05567143,0.15450987,0.04816674,0.09482750,0.19849461,-0.08750430,0.06754777,0.15907393,0.06287929,0.20473890,0.10970315,0.12676397,0.14586988,0.27923310,0.12983182
0.00656730,-0.04586389,0.16676535,0.13505624,0.07000509,0.07936351,0.10149855,0.09066238,0.05494890,-0.06477384,0.07270816,0.25129303,0.10961119,0.09903052,0.07609365,0.16106662,0.02976927,0.13280906,0.00647005,0.07592480,0.05747377,0.31179923,0.11588094,0.05675673,0.14219284,0.12535875,0.11932322,0.14705613,0.03914353,0.12829392,0.04743434,0.16178633,-0.02143001,0.21722163,0.07264693,0.02459560,0.11474539,0.10698186,0.08073907,0.14536217,0.10125718,0.24136838,0.21320467,0.04955295,0.16909693,0.10547469,0.04124968,0.17463243,0.13963471,0.20553237,0.14024509,0.23527287,0.08445827,0.06622103,0.11638629,0.12628286,0.06553330,0.05269639,0.15714923,0.04823486,0.00427366,0.12487265,0.31443515,0.05724479
0.21423444,0.11956038,0.23175885,-0.08066312,-0.07804190,0.09971260,-0.03872823,0.05529304,0.02711581,-0.02854172,0.04491490,0.01337266,0.10735418,0.09566042,0.08159614,-0.01158804,0.07293943,0.11160010,0.05635223,0.10573547,0.12542047,0.14062712,0.08321746,0.07714506,0.14729932,-0.02160075,0.06864988,0.02699993,0.12463990,0.07034286,0.15917879,0.00540977,0.05438057,0.00081599,0.15551551,0.16672163,0.19821456,0.09101762,0.13115415,-0.01955525,0.22928120,0.16493346,0.14959757,-0.06131516,-0.04373122,-0.19865921,0.15632182,0.10084136,0.17929052,0.18196832,-0.05383868,0.00664012,0.03602156,0.11126578,0.22716635,-0.01515720,0.00818682,0.01916312,0.24340031,0.13755830,0.08444007,0.07957301,0.22826667,-0.01275226
-0.00657411,0.03760413,0.07977951,-0.02439514,0.11536814,0.18673527,-0.00396266,0.16746910,0.19673437,0.13420975,0.22569574,0.09889413,0.01319349,0.11226763,-0.02402653,0.10255400,0.06092612,0.14971372,0.12359267,-0.05954003,0.01502113,0.06749047,0.08290162,0.06973044,0.05506204,0.06531087,0.06080365,0.24236438,0.25521517,0.12032814,0.05781240,0.04718860,0.13876618,0.05267732,0.05461067,0.10511239,0.08253767,0.20177390,0.09734103,-0.00996561,0.22346121,0.20559010,0.13942631,0.11749335,-0.03403036,0.02999447,0.20085140,0.05366130,0.11759456,0.17282660,-0.00558590,0.00190059,0.06266418,0.13656418,0.09266938,0.19595096,-0.03029408,0.10013793,0.28864527,-0.05727949,0.00553079,0.00023729,0.13008367,0.09738319
0.07646487,0.26476398,0.18634015,0.09400857,0.16133974,0.11570144,0.04900235,0.11097189,0.04571868,0.02904388,0.17688961,0.11375091,0.13977602,0.16559504,-0.02708223,0.05941723,0.06638250,-0.01237881,0.15701111,0.13947882,0.05318885,0.13808274,0.07919219,0.20516832,0.05797905,0.02703669,0.10794201,0.05624065,0.04664551,0.00254018,-0.06070596,0.26711759,0.17599894,-0.04145261,0.04725710,0.11700711,0.02489142,0.33312827,0.21233873,0.19104104,0.02902808,0.06052087,-0.00925471,-0.01370101,-0.05591074,0.08090918,-0.03500074,0.16859122,0.00558899,0.17613092,0.04133779,-0.07623442,0.21806657,0.14216566,0.21774739,0.17530458,0.08041669,0.14716049,0.05790589,0.03671145,0.14685172,0.06381419,0.19134986,0.11464670
0.17143945,0.14060627,0.11946922,-0.11558109,0.04659826,0.00940133,0.08272708,0.15251008,0.12112764,0.06548085,0.08569182,0.05643729,0.13325731,-0.00168902,0.26774997,0.07281337,0.07252826,-0.00638446,0.21754919,0.15223944,0.04979261,0.07004400,0.30475986,0.10113636,0.00203113,0.14537181,0.03734493,0.12660715,0.21184959,0.01960263,0.01868046,0.14900798,0.10560972,0.12828201,0.00016615,-0.08176153,0.05827731,0.16383493,0.08938084,-0.11182784,-0.07513095,-0.00468960,0.28568965,0.08366653,0.20278311,0.00276451,0.13367531,0.17009385,0.00521568,0.18584041,0.08438519,-0.02996550,0.18569855,0.16066484,0.16671433,-0.03531363,0.15948085,0.01072141,0.08272570,0.04633659,0.02784560,0.03215492,0.12525272,0.07331884
0.06968924,0.18687816,0.16137102,-0.08633573,0.16546541,0.22663139,0.17391007,0.05957477,-0.07174230,0.10335026,0.01474046,0.12434860,0.16375037,0.17586879,0.23114713,0.04584549,-0.04765062,0.23158455,0.01191169,0.08753842,0.11153843,0.19481802,0.21517938,-0.02190219,0.01989027,0.09671529,0.12133917,0.10181217,0.10594542,0.03265645,0.09341741,0.18939035,0.18051137,0.11947464,0.03949253,0.20416500,0.17904799,0.22623388,0.20335695,0.03924691,0.07891625,0.16943896,0.20626269,0.05854043,0.06832314,-0.08472464,0.15378046,0.11219940,-0.06330161,0.27056831,0.01475882,-0.10187069,0.20945306,0.05889148,0.00869064,-0.00796009,0.03709096,0.23052555,0.25622064,-0.00130855,0.04581677,0.10290697,0.20742136,0.11876970
0.09520756,0.13567419,0.01765893,0.08745014,0.17849413,0.06687044,0.15993086,0.13925514,0.04561234,0.27394712,0.12923722,0.09063663,-0.00087610,0.16131151,0.05060483,0.16296366,0.11601221,0.27011535,0.09740609,0.02745257,0.12196278,0.09047073,0.12624756,0.14380622,0.15846637,0.20273070,0.21889836,0.13261114,0.09367644,0.14043491,0.21428134,-0.07540289,0.01376189,-0.11083794,-0.00827259,0.03808888,0.08568199,0.11279690,0.04946909,-0.07080047,-0.05158406,-0.01913430,0.10320123,0.16148210,-0.06758950,0.11918546,0.01417859,0.10841547,-0.02897158,0.07046288,0.06877072,0.01928719,0.08298633,0.17801748,0.13572186,0.03201986,0.01077641,0.21425116,0.14337566,0.05046992,-0.00393183,0.18703599,0.24789043,0.13529609
0.13223864,0.21700293,0.19663313,0.07263767,-0.04697581,0.06591729,0.23818927,0.11737153,-0.04732947,0.00607690,0.07447796,-0.02865726,0.09773964,0.12964493,0.15878284,-0.03143393,0.10454708,0.12134349,-0.03233045,-0.01971545,0.13098012,0.20268153,0.02014081,0.16471279,0.20939614,0.02599293,0.12813880,0.09568191,0.08679287,0.05262265,0.06651779,0.16168512,0.05784202,0.08499580,-0.01190959,0.21744969,0.20647219,0.12071782,-0.03567103,-0.02942975,0.01464164,0.35754371,0.04915456,0.14959118,0.07962708,0.15081853,0.12125068,0.15966469,0.21170072,-0.02495285,0.18553007,0.08908643,0.16355932,0.10455088,0.16415089,0.04988785,0.11854222,0.24891457,0.23607422,0.11557736,0.19040708,0.12892483,0.20858860,0.06922150
0.24644253,0.09305982,-0.00102984,0.17249168,0.15758358,0.05121835,0.16729231,0.00661125,0.00491864,0.11353055,0.15178096,0.12678957,-0.04714043,0.20392890,0.07004519,0.16865151,0.14321232,0.06104422,0.10567521,-0.02054405,0.08176573,0.01402449,0.05578667,0.11702928,0.14656438,0.17039648,0.09051994,0.13542496,-0.00269405,0.02633212,0.25314277,0.05765034,0.14639659,-0.00719600,0.02484180,0.26536998,0.10495975,0.00186763,0.00828382,0.13469277,0.08281681,0.07912495,0.07203694,0.05555474,0.20759052,0.03459720,0.05923555,0.01440006,-0.11897781,-0.03068690,0.09055835,0.20571835,0.17678925,0.20500614,-0.04602033,0.12321646,0.03490210,-0.00096089,0.06198230,0.04884654,0.13747251,0.07407712,0.31277677,0.06021776
0.12005296,-0.01947554,0.00807203,0.16754964,0.05642138,0.09613529,-0.16649982,0.15180053,0.05259089,0.15258215,0.18655847,0.06189744,0.04506716,0.01655268,0.16034691,0.04717895,0.18403070,0.13529180,0.23328362,-0.03623664,-0.06562605,0.09470260,0.16957156,0.13158847,0.15648793,0.04049895,0.04980253,-0.01036987,-0.04049686,0.12879503,0.13900863,0.01628265,0.24062793,0.08682976,0.13444720,0.16461599,0.10096779,-0.03558598,0.04548196,0.12532873,0.15664597,-0.05804089,0.08556158,0.07902841,0.10906581,0.11396237,0.08068212,0.14638659,-0.04347034,0.16112196,0.16165091,0.11583784,0.06583870,0.23787984,0.12679991,0.15153883,0.04595815,0.21058653,0.19256470,0.00983974,0.07991216,0.29860166,0.23651779,0.00773255
0.06533141,0.12417770,0.03581330,0.16311356,0.04620114,0.17137976,0.01774275,0.15542418,0.15892681,0.12146214,-0.10028289,-0.05860665,0.21407950,0.00347032,0.30184165,0.01780629,0.15241806,0.05667934,-0.00617285,0.11503302,-0.00692601,0.04997693,0.02293907,0.12087820,0.07214120,0.07556697,0.08749385,0.11086608,0.13290158,0.32330373,0.13146655,0.04738431,0.02720690,0.03991919,0.04451547,-0.02369955,0.16839971,0.08180784,0.07995784,0.19386938,0.13987097,-0.05971948,0.15739241,0.09628661,0.08100171,0.16044331,0.13951278,0.13492784,-0.01197863,0.12649307,0.12755316,0.05281732,-0.06791143,0.16421372,-0.00809792,-0.08806607,-0.07961368,0.12385007,0.13680728,0.04067950,0.12822807,0.09199205,0.18400249,0.11620004
0.08565842,0.09732617,-0.01123049,0.16468972,0.19667348,0.09850298,0.04204590,0.09787358,0.05848480,0.05384068,0.04717505,0.03213060,0.19552255,0.02244660,0.03303662,0.12766063,0.13151227,0.06658184,0.19039330,0.17919341,0.05679821,0.05943942,0.16393438,0.15436578,0.18611720,0.17459631,0.07625503,0.01199454,0.22787078,0.23829910,-0.05340311,-0.04771949,-0.09469923,0.03122141,0.19206923,0.06667190,0.22550902,-0.00355139,0.10071696,0.03887127,0.01720797,0.06972505,0.12638581,0.02618321,0.02971273,0.12332805,0.10004364,0.14723800,-0.01915923,0.11965073,0.16622791,0.04357204,0.18293998,0.20468181,0.09519712,0.16307886,0.28740826,0.16555333,0.21361467,0.04233543,0.08653980,-0.03471843,0.26310301,0.02572430
0.10238882,0.09789092,0.03974194,0.14228563,0.09508386,-0.03153284,-0.05382276,0.11866498,0.04968783,0.14375159,0.19193709,0.05008057,0.00067245,0.10169670,0.07193948,0.12888280,0.01132445,0.17950347,0.23246782,0.21424404,-0.04886971,0.06975319,0.22196408,0.02556208,0.01519675,0.10840594,-0.01488002,0.05315689,0.20931032,0.03406977,0.07856242,0.16667314,0.04107650,0.17643245,0.03455706,0.17134365,-0.01549609,0.17241409,-0.02919448,0.09474174,0.07050928,0.07191104,0.15401046,-0.05765036,0.04123900,0.15885086,0.06548269,0.19463441,0.02893511,0.20159796,0.09063186,0.12956131,0.14833242,0.12337518,-0.01008844,0.00147735,-0.07509837,-0.01508153,0.11671100,0.15151989,-0.02672573,0.22639751,0.28945214,0.03333186
0.16780528,0.07837722,0.10923902,-0.06552212,0.14287432,0.12645575,0.15099148,0.05808198,0.19031517,0.14125381,0.10823286,0.01425142,0.02133270,0.05583248,-0.01320951,0.15973844,0.10464686,0.35902524,0.20087606,0.04202861,0.03610516,0.05977363,0.10968151,0.17852542,-0.00412769,0.11676868,0.22489680,0.16364585,0.12333691,0.07963837,0.09137870,-0.02803830,0.18421634,0.02155962,0.03810119,0.15346572,0.15250745,-0.12047703,0.09586479,0.09223967,0.03642417,0.06015902,0.20855834,-0.03556280,0.11124582,0.16453211,0.14255711,0.09148087,0.09122939,0.14254679,0.17313109,0.14933725,0.11145519,0.16975279,0.14848427,0.14511834,0.23256548,0.04094556,0.12681626,0.02032978,0.08684367,0.26256722,0.16569468,0.04181578
0.14573914,0.12025303,0.21871732,0.04178727,0.18484271,0.08478995,0.12119092,-0.01306346,0.13988933,0.20684338,0.05541708,0.22522405,0.11348104,0.03697897,0.05420664,0.01008753,0.05427752,0.22635336,-0.00456149,0.03243061,0.10467689,0.17506081,-0.05875310,0.24462198,0.08632430,0.01968141,0.22190788,0.14839500,0.16672921,0.19117391,0.02318565,0.08054614,0.20022495,-0.16523410,0.03596296,0.02638703,0.07322341,0.00242291,0.11093634,0.09873084,0.16532864,0.15500902,0.11003867,0.17020452,0.12960085,0.14491577,0.14488354,0.10109530,0.08669125,0.10434573,0.12428079,0.05072147,-0.07202586,0.10664415,0.00290760,0.13505065,0.05699680,0.11630217,0.05639413,0.14365320,0.16853566,0.09958330,0.21258587,0.05733794
0.14002870,0.07649247,0.05099484,-0.00345176,0.26681182,0.03005989,0.11684888,-0.04771940,0.07844383,0.03913838,0.08155812,0.23492767,0.01418096,-0.04076541,0.10906201,-0.01167689,0.25819221,0.17835973,0.10113639,0.04546062,0.04099267,0.19102646,0.00087477,0.26360190,0.10478315,0.15200336,0.08522447,0.11459684,0.11077794,0.13212447,0.09289968,0.06976143,0.05729940,-0.03587326,0.18993492,0.02287279,0.14281788,0.16746059,0.01522931,-0.01273503,0.02287303,0.09151024,-0.04842072,0.14794932,0.15387316,-0.00682618,0.05135519,0.08001564,0.08900283,-0.01233860,0.13948397,0.19447714,0.05180160,0.01485426,-0.00436467,0.04311551,0.19523624,0.08304700,0.03006700,0.05324626,0.15979299,0.12250210,0.12036901,0.10820059
0.22099119,-0.08140811,0.00094449,0.22618426,0.21816815,0.10476884,0.22559339,0.03691569,0.14305876,-0.02994309,-0.02440138,0.12501951,0.08857695,0.13518523,0.28682595,0.06303673,0.10503059,0.14151435,0.21527421,0.04142036,0.09449866,0.07811366,0.10965344,0.06208469,0.08659319,0.05898932,0.00792493,0.01052847,0.21973662,-0.01071819,0.10701112,0.16945973,0.07790759,0.12796547,0.05376318,-0.04068132,0.04369099,0.16085537,0.06406768,0.12814662,0.04919003,0.24878937,-0.01037205,0.03450451,0.12751116,0.08800391,0.11032721,0.06059197,0.05141741,0.06507548,0.12485158,0.05229457,-0.02387850,0.17420669,0.14331414,0.07494608,0.21663547,0.09077231,0.05914176,0.08978647,0.28653443,0.00805100,0.23819946,0.05304920
0.06056556,0.04961045,0.10291412,0.16817887,0.06796363,-0.02005965,0.08649879,0.14510576,0.05759816,0.02803221,0.18540846,0.08609642,0.10823597,0.14961398,0.12045782,0.05628902,0.06773988,0.15144764,0.15608817,-0.01917759,-0.00304879,0.02455900,0.06048148,0.01821174,0.05606318,0.12414785,0.03169221,0.24195619,0.15193018,0.14958286,0.17056158,0.02370285,0.11691678,0.03433920,0.08396696,0.08900668,0.15933304,0.04613511,0.13441519,0.13990331,0.01620044,0.16271389,0.06422201,0.06355288,-0.08804413,0.04551868,-0.00201220,-0.03851941,0.18968768,0.09670824,0.34080946,0.03045507,-0.05516904,-0.00600062,0.02937945,-0.06333909,0.07865233,0.09549757,-0.00684507,0.06717727,0.16646424,0.12477619,0.21804322,0.08309124
0.01848720,0.16599210,-0.01422147,0.12476014,0.04653006,0.09827419,0.02828780,0.22467668,0.12348440,0.14812045,0.04721564,-0.03275983,0.10537860,0.07549489,0.12026065,0.02980171,-0.01687986,0.10971800,0.06638952,0.14893618,0.08322291,0.07469127,0.23639223,0.07038326,0.02777589,0.10484275,0.00479895,0.08060529,-0.00238233,0.18137126,-0.08733838,0.08769797,0.13207650,-0.00206997,0.07548557,0.10650175,0.21512072,0.00902061,0.18255354,0.08905782,0.07315895,0.03472235,0.05009238,0.14833869,0.10310911,0.14391755,0.04431822,0.14828883,0.13587655,0.10315000,0.20045324,0.00422920,0.08059644,0.14026338,-0.01921597,0.02225583,0.11344174,0.07353234,0.04722968,-0.01996319,0.05561178,0.09568374,0.10444091,0.03877025
0.12665761,-0.06822851,-0.04892686,0.10412128,0.07741410,-0.00059353,0.02571696,0.16323024,0.15793453,0.01199747,0.03387478,0.18507709,0.05894089,-0.01739752,0.05491115,0.07814846,0.21054862,0.20113231,0.14275202,0.09504665,0.14421722,0.13246001,-0.00820528,0.11096771,0.03883212,0.03063009,0.02285265,0.03159751,0.18527108,0.19505802,-0.04245878,0.16341215,0.12638918,0.06413813,-0.03577526,0.12340967,0.07656229,0.02623709,0.22648932,0.11162259,0.00664556,0.11461155,0.03878193,0.16101214,0.12708995,0.17423877,0.03705405,0.07750683,0.28754240,0.17229028,0.10424708,0.19858965,-0.06058192,0.10825766,0.03280747,0.04664243,0.03516422,0.15684377,0.00127307,0.08481471,0.03383295,0.23929681,0.24058734,0.09389433
0.03783866,-0.00183323,0.28556755,0.13719960,0.03526497,0.01531471,0.27144516,0.16839312,0.11044396,0.09165667,0.18697233,0.15541163,-0.02805859,0.11963376,0.27176729,0.26149601,0.11797585,0.09236290,0.04107618,0.09620547,0.03926143,0.06746622,0.11313051,0.03911304,0.10506049,0.20054287,0.00040471,0.14545894,0.12250318,0.10704811,0.10537235,0.07810788,0.21087778,0.09808716,0.05012942,0.14356834,0.11523786,0.13743486,0.14430735,-0.06484096,0.06632172,0.02331425,-0.07653090,0.11255615,0.18149088,0.10566254,0.05140844,0.04700655,0.13193074,0.03224980,-0.04735178,0.15778802,-0.06357967,0.15102568,0.27157867,0.14578848,0.13065137,0.13524140,0.20036437,-0.01270360,-0.00251343,-0.00973567,0.18220167,0.11384533
0.03785555,0.06342333,0.05039398,0.08062812,-0.06711915,0.15186296,0.13565992,0.15945439,0.00108089,0.05450111,0.10161930,0.08011136,0.09743843,0.03497656,0.09397100,0.08396783,0.00511674,0.09831706,0.13762110,0.08804597,0.12176835,0.07419666,0.23470607,0.10297382,0.24114683,0.14370038,0.13749330,0.08089551,0.09505179,0.02892771,0.08820685,0.13625166,0.13425320,0.12190489,0.07681102,0.15026432,0.15032327,0.11037876,0.05447653,0.25559509,0.24869175,0.11365792,0.24182287,0.21220638,0.18809970,0.16853759,0.07096656,0.04887104,0.11440519,0.08741479,0.19245404,0.19003816,0.02218398,0.10680592,0.06392503,0.10700288,0.01152195,0.11985169,0.09590720,-0.07164127,0.01905749,-0.04987979,0.17712432,0.06178114
0.14151859,0.12523660,0.10727014,0.11867838,0.01223103,0.04889265,0.09079612,0.14067590,0.07080113,0.23681802,0.04553959,0.12135710,0.03410541,-0.01175777,-0.07695383,0.11415894,0.08822759,0.18209717,0.20779316,0.13879603,0.01938349,0.06419121,0.06381501,0.14890625,0.11305351,0.05938580,0.06614272,0.10393278,0.00447216,0.02025371,0.09010751,0.06473222,0.18640742,-0.01221989,0.02064248,-0.07635202,0.08304355,0.04212796,0.00968340,0.02679452,0.09559302,0.13369510,0.20418552,0.02637256,-0.02745976,0.14928822,0.06251504,-0.02109289,0.00803926,-0.00288549,0.09901853,0.02373212,0.08733381,0.02648572,0.07674427,0.31282917,0.08630328,0.07318881,0.14529535,0.16083504,0.10194279,0.09247734,0.21909833,0.03940121
0.02294328,0.13241827,0.01301306,0.11621826,-0.06200173,0.04875344,0.25737551,0.06526741,0.03567223,0.13312154,0.03912621,0.00660535,0.02418776,0.17958347,0.10384771,0.20431098,0.08417695,0.20157529,0.05730272,0.06524212,0.02746296,0.21058035,0.19527765,0.15714991,0.06824574,0.06740578,0.14177223,0.00878604,0.09754377,0.17624187,-0.07038869,0.10850982,0.16955926,-0.08481520,0.14965284,0.11991543,0.19149911,0.23491414,0.05342260,0.06994738,0.18477084,-0.00352973,0.16942583,0.02885370,0.01530852,0.25168607,0.07062314,0.13327840,0.04317401,0.27932581,0.10561757,0.19820891,0.20486681,0.08119147,0.12944743,0.16375704,0.09245077,0.04402738,0.13497774,0.17783898,-0.08820526,0.09661523,0.16426417,-0.04178243
0.04535220,0.04996001,0.04415542,0.18877700,0.09818789,0.11991038,0.14418343,-0.09385761,-0.01153854,0.22018538,0.10741951,0.14296748,0.04178309,0.03425924,0.01635125,0.12406731,0.15720972,0.00359616,0.09972204,0.06248295,0.06139997,0.06625046,0.14875536,0.00516516,-0.00398515,0.10832743,0.22521055,0.01108661,0.04325427,0.17913082,0.15282939,0.08641545,-0.07859580,0.03633157,0.01111756,0.19401446,0.05481863,0.11190387,0.12999555,0.11812056,0.04651307,0.13997813,0.16317599,0.05730700,0.20541483,0.19079924,0.01108275,-0.02308195,0.14365669,-0.01879619,0.01989864,-0.00207332,0.08823064,0.01086072,0.02625897,0.11246433,-0.04876999,-0.04357325,0.08499532,-0.00041522,-0.01947171,0.08310708,0.26458597,0.13424431
0.17033337,0.17343159,0.08374144,0.13139753,-0.04450798,-0.03108473,0.16208442,0.01780176,0.14361531,0.18130292,-0.00650342,0.19990733,0.02320638,0.13883922,0.08082069,0.12926421,0.14535733,0.13133675,0.12176670,0.18117441,0.07320008,0.01663550,0.26268592,0.01858908,0.23508491,0.25975996,0.23638910,-0.02512806,0.02751712,0.11287916,0.17268425,0.05417053,0.22361051,0.13917048,0.13221724,0.17838933,0.09035542,0.36896420,0.02050227,0.06017306,0.11580931,0.20744981,-0.00868363,0.01296522,0.14876534,-0.00414535,-0.05782769,0.08563768,0.18989103,0.09697702,0.16740775,0.08060026,0.16082942,0.24995986,0.14431587,0.26596856,-0.03907249,0.11249305,0.07885423,0.07439369,0.19938429,0.03248220,0.32994401,0.05644769
0.05356869,-0.06083782,0.07535695,0.16130230,0.08381864,0.09363935,0.09253918,0.08783921,0.18226543,-0.05715177,0.03428927,0.13405500,-0.07211356,0.15217483,-0.00440400,-0.04412124,0.01786073,0.20396399,0.10699726,0.07155408,-0.03405430,-0.09564617,0.06989367,0.05277617,0.14807580,0.05738783,0.03779856,0.06012764,-0.00299348,0.07602073,-0.03652797,0.00080021,0.05110373,0.13949290,0.06483102,0.06241335,0.20622762,0.18735030,0.03710761,-0.05721612,0.06345850,0.15658617,0.12392218,0.08033458,0.15233268,0.01790542,0.15098332,0.12558249,0.14830066,0.09496035,0.20254408,0.06333708,0.15552612,-0.01121628,0.06425855,0.16213663,0.05402984,0.10327718,0.06096955,0.12434611,-0.01122900,0.04506550,0.23260193,0.13317752
0.22402328,-0.04265952,0.27542073,0.07110106,-0.01221221,0.03154004,-0.05131635,0.07215735,0.22429238,0.07527421,0.19365157,0.09376992,-0.04298588,0.19608851,0.05453981,0.04822048,0.13624564,0.29354128,0.10466023,0.09327603,0.19903368,0.01042056,0.05804457,0.20513409,0.08643717,0.09595630,0.11736655,0.06952305,0.09254584,0.12721190,0.09878582,0.04288539,0.24035315,0.19902565,0.12557265,0.10971548,0.06656680,-0.02037679,0.19146857,0.08317994,0.11938103,0.10886132,0.26219541,-0.04661980,0.11313215,0.03549124,0.00793577,0.07037641,0.12393966,0.07906932,0.19071871,0.08188982,0.04510960,-0.00757333,0.14365388,0.13907073,0.20471263,0.07152819,-0.01994386,0.05375368,0.11075070,0.11761376,0.35822070,0.07277617
0.04554141,0.09661906,0.10478558,0.05301054,0.01059339,0.00384366,0.06776047,0.22043757,0.19996624,0.01419674,0.12362567,0.01052617,0.13807707,0.18051767,0.19747241,0.23698860,-0.03708601,0.06327927,-0.03330152,0.05502256,0.00172975,0.04893903,-0.03946599,0.27663541,0.04542879,0.14334299,0.21459891,0.11268897,0.22138990,0.23081702,-0.11556809,0.06553467,0.16200177,0.11284696,0.13066463,0.21086039,0.09983639,0.08266015,0.09972157,0.09753047,-0.03380049,0.11864372,0.11728756,0.04555501,0.09234022,0.15358019,0.13051017,0.03619458,0.19494748,0.08289530,0.04568828,-0.02485416,0.16245934,0.02821528,0.16818558,0.01668043,0.21252286,0.19938233,0.05505696,0.09135100,0.03139841,0.18366531,0.19310135,0.01891184
0.09503271,-0.03820175,0.16422407,0.07353166,0.05598618,0.05948278,0.20335458,0.10525065,0.01587767,0.09016121,0.22824164,0.06859145,0.09345502,-0.05062554,0.22374190,0.03452649,-0.12046859,0.13379781,0.01971754,0.17381966,0.15127537,0.03218083,0.20071857,0.06319518,-0.12047804,0.11053924,0.16487926,-0.03908892,0.09744933,0.07266151,-0.05932196,0.07813677,0.06060228,0.12547509,0.11843779,0.08109798,0.07613601,0.08900823,0.06503437,0.23815900,0.17434788,0.10027656,0.35864952,0.09540543,-0.01711805,0.14758858,0.10475584,0.09018842,0.03406463,0.16804819,0.05460879,0.01959730,0.20022443,0.07270005,-0.02726632,-0.03619112,0.20020927,0.14654952,0.10642920,0.04095830,0.09633213,0.17743848,0.14155489,0.07737114
0.15239120,0.06072795,0.15251698,0.13522603,0.04850634,-0.06275503,0.20969589,0.09698866,0.16213804,0.14917789,-0.00463358,-0.04658570,0.07001691,0.14078289,0.13342920,0.07154439,0.01255880,0.10034261,-0.07918658,0.11238649,0.00955178,0.03067267,0.28402507,0.16766219,0.12496961,0.23880105,0.13303699,0.03366426,0.15247881,0.39202163,0.09551463,0.00700786,0.13381903,0.12824142,0.29819518,-0.02546486,-0.10766789,0.15048438,0.14455840,0.15728414,0.07507770,0.06882162,0.21400952,0.07582786,-0.05422961,0.12826307,0.06055063,-0.06238770,0.08529842,0.21054979,0.03117679,0.13535406,0.28392035,-0.01363234,0.01479947,0.07434592,0.19825639,0.05189512,-0.00775748,0.13908409,-0.00980566,0.14329275,0.27808788,0.16180162
0.14334574,0.06605983,0.17642304,0.03598148,0.05446812,0.08346679,0.18392447,0.08572219,-0.08625070,0.16788442,-0.01069307,0.14977646,0.12475221,0.02815381,0.16137217,0.28113869,-0.01781763,0.05383971,0.03031491,0.10719919,0.16695727,0.06937323,0.07483973,0.14973016,0.08885290,0.09046575,-0.00972381,0.02235897,0.14806265,0.03604676,-0.11286020,0.12452380,-0.03482182,0.12729193,0.14086415,-0.05265941,-0.05364384,0.28895244,0.11715620,0.08228360,0.26895306,0.22126617,0.08321623,0.02046472,0.08696660,-0.02322791,-0.03990342,0.12550898,0.24799968,0.06804775,0.12386709,0.09781053,0.19844145,-0.09660831,0.04186776,0.12703942,0.20670886,0.06478456,0.11198830,0.05814032,0.12745255,0.03196522,0.26622450,-0.00032672
0.24343890,0.23638900,0.02176267,0.16389097,0.07803773,0.03216024,0.02595161,0.14535169,0.09399477,0.22991292,0.03510062,0.04763481,0.09788331,0.10975339,0.17049499,0.07950567,0.03593236,0.11997259,0.10017472,0.11964680,0.10290746,0.02554291,0.25813022,0.09337125,0.14615758,0.14209048,0.23723337,0.08671568,0.17660034,0.12106168,0.09803978,0.06517884,-0.07258020,0.16353369,0.14014682,0.08918974,-0.01109931,0.03560337,0.21503514,0.07679943,-0.01691362,0.08169644,0.12055852,0.06966650,0.31036443,-0.07007929,0.11256312,0.12132238,0.11379655,0.09295066,0.18774025,0.19746090,0.07561614,0.04778228,0.07221450,0.12726402,0.04062795,-0.00378943,0.17245141,0.11698095,0.17160791,0.16188538,0.15500505,0.04691502
0.15898100,0.06500882,-0.09578086,0.06540342,-0.02166325,0.31522471,0.08650598,0.20079073,0.02321530,0.09399994,0.05258983,0.00195064,-0.00708252,0.05966055,0.01713804,0.11615019,0.06309094,0.01185224,0.15660039,0.04775540,0.08954749,0.07522989,0.10238509,0.13365114,0.11506515,-0.01251108,0.24346179,0.01217248,0.08613317,0.08892545,0.06013209,-0.06609629,0.20003101,0.10789945,0.08782431,-0.09165970,0.07793971,-0.00818913,0.13287702,0.07446736,0.08946064,0.20183183,0.09620129,0.06096452,0.01285800,-0.01063923,-0.03107000,-0.00378841,-0.10353604,-0.00707443,0.07082517,0.13573879,0.09546635,0.16470392,0.19073275,0.01294094,0.18286188,0.17560618,0.20695119,-0.05531712,0.15999027,0.09608956,0.21955025,0.00445051
0.21900240,0.10590532,0.10659154,0.09738937,0.22065505,0.19227980,-0.05341391,0.07369719,-0.00467103,0.21013944,0.28706071,0.06469779,-0.00565457,0.23008560,0.07263058,0.14406691,-0.04632317,0.15981580,0.13547830,-0.03451610,0.05018295,0.23873031,-0.05470794,0.17496227,-0.13343635,0.01565600,0.20875947,0.05485515,0.03237665,0.24773027,0.03971003,-0.09364400,0.25772172,0.11551972,0.15687388,0.04734387,0.17894958,0.08577811,0.04616363,0.09747715,0.12278929,-0.08387399,0.16363305,0.20909441,0.13803151,0.06093335,0.11262306,0.05832757,0.19009107,0.00861992,0.19057857,0.16824135,0.15408973,0.21278624,0.05736076,0.15636408,0.01430419,0.00525357,0.10009401,0.06673735,0.08086637,0.12637587,0.31001061,0.10072547
0.06014702,0.15169428,0.05160816,0.11484608,0.05858743,-0.04846192,0.19078191,0.19933259,0.13556537,0.07565807,0.10974309,0.01849273,0.14005519,0.13275091,0.10891816,0.11148818,0.19967261,-0.04217773,0.02791139,-0.00839489,0.16067190,0.08277479,0.21812434,0.11167999,-0.06010927,0.07939526,0.13978997,0.05870140,0.02917830,0.15882699,0.04632932,-0.02496405,-0.02046766,0.05170770,-0.02038250,-0.07551082,0.15364486,-0.01052859,-0.02739883,-0.00887869,0.00057571,-0.01274525,0.02562979,0.11574912,0.08937925,0.05251480,0.14748152,-0.01762459,0.07123302,0.03086229,0.08734747,0.07230845,0.11433845,0.08469967,0.10142481,0.17594662,-0.10211652,0.14236197,0.19919264,0.05808307,0.11061934,0.04294819,0.23983222,0.06129993
0.08502189,0.06770431,0.05060588,0.12762070,-0.01584310,0.17902370,0.16666138,0.07135390,0.19092876,-0.02074367,0.12906305,0.11059198,0.26352924,0.07650109,-0.05231863,0.11834088,0.05872822,-0.03739495,0.04856520,0.14218016,0.19336575,0.05518952,0.19928591,-0.00037502,-0.02109615,0.04250547,0.23574634,0.05465001,0.09781973,0.18299367,-0.03662448,0.05826451,0.00554999,0.17621745,0.06636310,0.15986125,0.24457826,0.04992848,0.00464209,0.19545099,0.11890516,0.06646740,0.16667163,0.08322127,0.05678686,0.11279442,0.06067988,0.13273655,-0.06397615,0.13335915,0.02681991,0.16295567,0.07627048,0.16809161,-0.03626150,0.05967573,0.23158874,0.09592482,0.07361060,0.08375310,0.08963460,0.02675631,0.28229752,0.14726259
0.12543069,0.17552359,0.02731079,0.09997774,0.21843585,0.16147473,0.03597424,-0.07801692,0.28748015,0.13866425,0.08584704,0.16729565,-0.01268657,-0.03376694,0.06580787,0.12138765,0.11046641,0.07349888,0.03536415,0.04250446,0.07402047,0.17092799,0.02524963,0.11866717,0.14736523,0.09679515,0.07412805,0.16438590,0.06254541,-0.00414147,0.08060403,0.11919321,0.16666712,0.11368994,0.06892347,0.11681426,-0.01394203,0.13960908,0.28155169,0.06851460,-0.04448426,0.10758586,0.06016326,0.05873356,0.15139361,0.14198641,0.11188225,0.15861940,0.02952886,0.00063200,0.06467691,0.19601750,0.09656704,0.24504474,0.13650231,0.04658227,0.11230218,-0.02907221,0.15731116,0.28644204,0.15653934,-0.09102099,0.18694282,0.08898465
0.11058923,0.01677540,-0.01708006,0.10597859,0.19732895,0.13678090,-0.05120207,0.14042976,0.07548764,0.07451269,0.10221384,0.00479224,0.04966311,0.21875617,0.18869710,0.18507655,0.04089690,0.03555871,-0.04559663,0.12974341,0.13378404,0.06808120,-0.00071146,-0.03362908,0.06799711,0.09419575,0.02746061,0.03931664,0.15018171,0.08520350,0.12030181,0.10999324,0.03338482,0.04616655,0.04291081,0.17812841,0.13618881,0.27173957,0.04370213,-0.09390921,-0.02690931,0.14856486,0.26196769,-0.05671630,0.10478035,-0.02452417,0.03806354,0.03462638,0.21989641,0.02986299,0.09794705,0.20384471,0.02898578,0.00236050,0.18357137,0.03725679,0.06287102,0.07631824,0.09705297,0.16175108,0.03140034,0.13473728,0.43823805,0.14389646
-0.08671270,0.09752849,-0.02164160,-0.03862532,0.23549394,0.02464999,0.03280913,0.15602781,0.15543625,0.15230474,0.19756085,0.02753756,0.14320017,0.06059388,0.17536631,0.07209034,-0.04098596,0.02733868,0.08090325,0.22440627,-0.00837876,0.05794706,0.24134235,0.10193441,0.08470647,0.30426848,0.14856561,0.10283802,0.08840373,0.08347639,0.01624060,-0.09880709,0.22184162,0.09699032,0.17376247,0.08358044,0.01416895,0.13330165,0.23532283,0.07129817,0.10933226,0.07880567,0.12792954,-0.10796297,0.09544446,0.09448848,0.08982697,0.18629801,0.14287613,0.04898018,0.13138132,0.13499868,-0.05827677,0.18587212,0.01657705,0.05339641,0.04388272,0.21379724,0.06972871,-0.12066412,0.07186318,0.15872478,0.25236711,0.06927947
0.15281551,0.16371970,0.13250946,0.02504344,0.03659186,0.07671000,0.10053844,0.00615542,0.12057695,0.16542926,-0.02365957,0.01666437,0.13347548,0.11738548,0.11243378,0.17603689,0.22692734,0.06132166,0.17548390,0.09449584,-0.02801486,0.24098045,0.03413634,-0.15534264,0.06836949,0.09492486,-0.12701532,0.11753241,0.07826237,0.29268894,0.06150438,0.12301054,0.16536242,0.10120358,0.02316849,0.06982926,0.17068686,0.07970736,0.09502713,0.00660927,-0.02448483,0.05834691,0.12549160,0.04652771,0.14916614,-0.01991455,0.02500501,0.07751083,-0.02840435,0.17905624,0.11745892,0.24645407,0.18130943,0.12519690,0.06065065,0.17284940,0.22507471,0.22848313,0.02270208,-0.08926703,0.13090079,0.11676224,0.24403077,0.07806858
0.32196391,0.27910408,-0.09239209,-0.06828199,0.04003277,0.03076562,0.07459518,0.01552907,0.17142199,0.14092514,0.09252898,0.18539204,0.01781513,0.06117493,-0.13254175,0.28570715,0.16626227,-0.02854460,-0.02815986,-0.04241902,0.08193035,0.00056093,0.01231500,0.14029190,0.23651931,0.23301272,0.02883869,0.00420968,0.12482701,-0.03075600,-0.00782072,-0.01487096,0.12972310,0.10523419,0.08481461,0.12409829,0.10921575,0.07499412,0.13528065,0.13976678,0.08179639,0.12327809,0.07128615,0.16705717,0.03353763,0.09913583,0.13229266,0.03870091,0.12813908,0.21115141,0.05121732,0.10239522,0.04491688,-0.05491335,0.26192591,-0.05913180,-0.03886010,-0.04391187,0.08739532,0.09045544,0.21346074,0.07180075,0.23070978,0.06576550
0.18793513,0.09151910,0.01252716,0.17222944,0.25963831,0.06112366,0.12263783,-0.02124896,0.06148962,0.06425841,0.04124441,0.13001251,0.04051747,0.09387960,0.15026933,0.28365293,0.14687775,0.19325989,0.02946270,0.20954828,0.04643850,0.01951615,0.15728794,0.12251576,0.10709975,0.05207503,-0.04207174,-0.11695965,0.15119073,0.25455558,0.18208598,0.13820596,0.20056225,0.15095842,0.03206599,-0.04630820,0.13218711,0.09300561,0.16236939,0.13344800,-0.00851126,-0.01760150,0.04947004,0.19995640,0.05546924,0.00032594,0.08801007,-0.09716582,0.05468131,0.04404238,0.05744494,0.22975105,-0.00983172,0.12371128,0.07321753,0.08761816,0.12019727,0.05996991,0.18190962,0.16611941,0.18001786,0.08182859,0.24039072,0.07549930
0.08490413,0.16617827,0.12278853,0.02749220,0.09161745,0.01684291,0.00652676,0.23857184,0.06563698,0.02933615,0.03679286,0.17500590,0.17133108,0.12627791,0.06769390,0.03163125,0.08728490,-0.01014129,-0.01620850,0.05749079,0.09884576,-0.01550890,0.15297958,0.01281116,0.09585783,0.24713403,0.17615558,0.14722246,0.13606484,0.15394381,-0.07629184,0.03693474,0.03318604,0.00397670,0.10292043,0.01769928,0.17532736,0.12233518,0.14910181,0.02976544,0.20051311,0.13085464,0.07061414,0.18058480,-0.12740789,0.05822817,0.09850729,0.08485528,0.00316769,0.04456404,0.25050381,0.01067968,0.08175956,0.09620180,0.17584045,0.02342930,0.17718226,-0.02360116,0.05429675,0.11661188,0.04826941,0.01513797,0.29711333,0.06456139
0.13631757,0.19119017,0.14331044,-0.08368546,0.04232587,0.10651110,0.12308736,0.10254212,0.11797714,0.09240591,0.25096101,0.12360000,0.11420050,-0.06362554,0.02558902,0.13606733,0.08605512,0.22291477,0.16538195,0.14008783,0.28601408,0.00043929,0.11240496,0.14862669,0.26659179,0.13536534,0.08952061,0.07671131,0.11223444,0.06666433,-0.10780269,0.16986354,0.09121326,0.13312538,0.02977839,-0.05525678,0.10999698,0.05214147,0.10625506,0.04881355,0.24751219,-0.03837625,0.02209569,0.08685561,0.16882309,0.24007888,0.11473145,0.23937644,0.00972465,0.09404604,0.18307100,0.15835387,0.09847154,0.05175756,0.13148762,0.16787861,0.02643999,0.22966948,-0.00461081,0.20335850,-0.03946616,0.14039706,0.37204161,0.01497474
0.06283097,0.17542486,0.10209036,0.13070154,0.05882504,0.18691283,0.14082122,0.18726303,0.02569903,0.04065585,0.07834123,-0.02781945,0.07020362,0.21062584,0.24525644,0.04024142,0.11533272,0.24162151,0.06938771,0.11527958,0.07641342,-0.07508650,0.10746694,0.15921265,0.09002864,-0.07861830,0.02961220,0.13220246,0.18618967,0.02027363,-0.00128245,0.23592161,0.09953128,0.03531007,-0.06181468,0.12202527,0.28672290,0.05741083,0.16730238,0.10987409,0.04454375,0.12199595,0.11419968,0.16431655,0.14193696,0.07760170,0.10728224,0.01818659,0.13818395,0.15628958,0.04713048,-0.01559350,0.11358651,0.10126022,0.15399686,0.12788060,-0.02235335,-0.08477964,-0.06082311,0.18281481,0.01087376,0.09575522,0.26924720,0.02476186
0.01256084,0.16359556,0.14810860,0.07467785,0.03752644,0.08942064,0.18704493,0.16126646,0.01968092,0.15684706,0.13888401,0.18084410,0.02390707,0.15671508,0.11973938,-0.08119864,0.05115552,0.15665580,0.17524329,-0.10724050,0.14579025,0.11298603,0.11674899,0.22869290,0.07260083,0.15373772,0.15635201,0.18661113,0.12706529,0.04516666,0.21999663,-0.01928096,0.15687841,0.22852705,0.06927241,0.12052622,0.02078196,0.10769977,0.16804901,-0.07460070,0.23609066,0.20734383,-0.02579380,0.08222365,0.07109347,0.17288895,0.16179116,0.05569334,0.11156236,0.23206905,0.11661427,0.09006958,0.22060555,0.10627150,0.06469061,0.08713474,0.16538000,0.26227421,0.03305387,0.14642262,0.08134160,-0.00592236,0.21628627,0.05985769
0.13797818,0.02300275,-0.09182115,0.09086011,0.26713336,-0.02225542,0.13817044,0.10387822,0.04228532,0.12883720,0.26075482,0.19780767,-0.04961622,0.05165124,0.11969595,0.03526607,0.20735009,0.09862677,0.10112447,0.10969491,0.13593759,0.11816225,0.03777022,-0.01471794,0.23399207,0.14559565,0.04944488,0.13719739,0.16957292,0.09308115,0.13992196,-0.17106089,0.09402689,0.13887578,0.06452738,0.12162127,0.02034824,0.14107417,0.00099017,-0.04156940,0.27013803,0.03643742,0.06562559,0.10865207,0.15850063,0.11539984,0.08815474,0.15501499,0.10128949,0.09619220,0.17802641,0.01409347,0.04168781,-0.00450458,0.14906259,0.17204097,0.18917412,0.05607403,-0.02391651,0.12073024,0.07247467,0.03452115,0.20528866,0.07812066
0.00646970,0.05245414,0.08105312,0.18397726,0.30856767,0.10148254,0.11137731,0.06739285,0.10378636,0.23571666,0.12554091,0.03270110,0.13826497,0.15160453,0.09547891,0.14694087,0.22696252,0.04849080,0.14116015,0.08014473,-0.01859960,0.03738671,0.00011428,0.13183531,-0.00231336,0.12613967,0.14706150,0.02992602,0.13541532,0.00541482,0.09003178,0.08176840,0.15142113,0.24289930,0.12953116,0.17007712,0.10764278,0.00162286,0.02453176,0.04246150,0.03492405,-0.07284159,0.16038497,0.13363983,0.17450103,0.05497907,0.08437118,0.16099885,0.10695391,-0.01341356,0.19929619,0.17021942,-0.01075891,0.14474335,0.19229573,0.01303537,0.06229037,0.06239235,0.20861451,0.02084947,0.10329963,0.08745359,0.12387557,0.09928807
0.05571618,0.18214829,0.01839460,-0.02465538,0.06988454,-0.06184319,0.12093061,0.08298813,-0.05390932,0.09764529,0.05551466,0.04364635,0.15439133,0.04206745,0.01823318,0.03476577,0.05607304,0.04382815,0.04623975,-0.02239078,0.04464893,0.15322463,-0.15124655,0.20189890,0.12154422,0.25163054,0.12674241,-0.01370791,0.08409560,0.16292132,0.00863484,0.15089703,-0.07600263,0.05671773,-0.06479133,0.12816639,0.15620771,0.17781468,0.05243573,0.06816787,0.08848739,0.12657782,0.19409655,0.14070801,0.08394286,0.01263199,0.06143445,0.07807539,0.08140786,0.04608877,0.18065147,0.03462040,0.13121733,0.04841012,0.00441089,-0.04017983,0.07517022,0.16531456,0.02913481,0.00539950,0.10201010,0.05356861,0.26239890,0.06223704
0.01662362,-0.07171133,-0.06060297,-0.06781787,-0.03548312,0.00811789,-0.02638550,-0.07381609,0.02595921,0.06993470,0.00246634,-0.02412378,-0.00959558,-0.11315867,-0.05211436,0.04408938,0.04364878,-0.03682494,-0.03011450,0.01816180,0.04431310,-0.01656742,-0.10915837,0.00985851,-0.05975435,-0.06373056,-0.06058115,-0.06386769,0.02002586,-0.10968084,0.05262578,-0.07745316,0.06603885,-0.03231374,-0.05324993,0.11226336,-0.03218648,-0.04132660,-0.12526245,-0.05526724,-0.02939275,-0.02548148,-0.00899097,-0.03643869,-0.06536499,-0.16180329,-0.04565274,0.00158748,0.00119047,-0.02228805,-0.04169815,-0.18371052,-0.05115907,-0.05785010,-0.03097949,-0.02122873,-0.00859512,0.02086551,0.00217611,-0.10470360,0.00809371,0.01350094,-0.07628303,-0.03888733
