0.11841028,0.15137374,0.18891136,0.28557243,0.03141974,-0.15324535,-0.10013108,0.00728305,0.00395854,-0.04607266,-0.02151277,0.01314897,-0.01909496,-0.10407218,-0.11706289,0.06779911,0.09968795,-0.00830802,0.09597836,-0.03880088,-0.05050859,0.01173008,0.00244763,-0.13199969,0.10559807,-0.09760344,-0.16713415,-0.16667110,0.00166274,-0.09783537,0.09780482,0.00947053,0.24503408,0.07468592,0.05262918,0.19991900,-0.08886390,0.02419976,-0.06766005,0.02801275,-0.01374191,0.09412222,0.06976411,-0.01558003,-0.17442644,-0.04080368,0.04013718,-0.05623590,0.07113809,-0.16332465,0.10932669,0.12544487,0.11231879,0.07360515,0.08652584,0.04115744,-0.08025054,-0.16926719,-0.09279303,-0.10162465,0.01571606,-0.01307683,0.21357978,0.17966870
0.00925684,-0.16496202,0.01680186,-0.03850162,0.00032440,-0.02160960,0.03297571,-0.03073583,0.00790402,0.00503547,-0.02729899,-0.01095444,0.03130153,0.10876275,0.02286376,-0.02935694,-0.00942798,-0.00328934,0.03560038,0.06988968,0.07290889,-0.03277595,-0.05505909,0.13820459,0.08692104,-0.08001997,0.04149398,-0.09048764,0.05824315,-0.06178663,-0.01994891,0.02728179,-0.11965086,-0.00278646,-0.05978923,-0.09269306,-0.04033003,0.14672526,-0.12493992,-0.02313724,0.09774839,-0.03216013,0.17737696,0.04802187,0.11884343,0.11581925,-0.10078707,0.07474714,-0.06407701,0.06010542,0.07906985,-0.07208757,-0.11420609,0.08839094,0.14725778,0.00821098,-0.00346833,0.07178418,-0.02117241,-0.06408976,0.00535906,-0.17442733,0.19101282,0.03204910
0.07185952,0.09893855,0.10455337,0.08011883,-0.14505561,0.04442613,0.15195434,-0.00513233,-0.08993555,0.05014464,-0.25278293,0.07006354,-0.01568757,-0.11352935,-0.14950035,-0.07658124,-0.04366363,0.06683980,-0.05116524,0.07780055,0.06496325,-0.04137661,-0.01534276,-0.13778294,-0.01559417,-0.20277891,-0.09997459,-0.05387951,0.11767568,-0.07281136,-0.05509346,-0.10197202,0.03452638,0.02914752,0.09322447,-0.09943174,0.07338140,-0.18448435,0.09492564,0.07024516,0.05059475,-0.07922442,-0.15153605,0.06523978,-0.20845193,-0.01841841,0.05002765,0.14997772,-0.05368663,0.00081004,-0.13465846,-0.00201236,-0.00808092,-0.14693230,-0.15672281,-0.04896456,0.02920781,-0.06434552,-0.12906578,0.01592066,0.14578886,0.09065333,0.15599443,0.04226394
-0.15859332,0.02402128,0.03910986,-0.06441855,-0.27195700,-0.02748979,-0.03392491,0.11074170,0.00409544,-0.08361393,-0.13482188,0.09948390,0.02656905,0.10007918,-0.02407663,-0.06864910,0.11016000,0.08458184,0.08302896,0.12581374,0.12998723,0.11505076,0.05658013,0.11246500,-0.01962927,0.06006430,-0.10072970,-0.09429366,-0.08830694,0.00326975,0.14322592,-0.12588040,-0.05692602,0.02042183,-0.00473004,-0.05633761,0.16573134,-0.09087978,-0.15088183,0.14712226,-0.05920804,-0.09477462,0.04744258,0.08399798,0.00298929,-0.03671867,-0.00073738,-0.07838782,0.01250356,0.08027049,0.12623417,0.05138133,0.10672075,0.18632096,0.14475568,0.21583040,0.02964055,0.01641444,0.06024721,-0.01236939,-0.01991097,-0.17279249,0.21182878,0.01757836
0.20324662,0.08645060,0.01521400,-0.00491332,-0.00945870,0.00722266,0.02537152,-0.05927104,-0.03285304,-0.02665172,-0.01886797,-0.07660704,0.11895679,0.17984942,0.10302783,-0.02689658,-0.14936768,-0.28166329,-0.05694044,-0.15919538,0.05549468,0.06270223,0.22850910,-0.11827212,0.01314992,0.02604757,0.02451859,0.08766253,0.04203984,0.09689233,0.13799810,0.04811789,-0.06873794,-0.08040018,-0.10476122,0.04797848,-0.17331659,-0.20678694,-0.04520078,-0.04136226,0.09505817,-0.02977123,0.17807082,-0.10737532,0.04730102,-0.03121240,-0.00578819,0.00924410,-0.00423170,0.08646335,0.13802570,0.03462494,0.00781162,-0.20529754,-0.08762667,0.09850868,-0.17870609,0.05693237,0.04497445,0.14608602,-0.13933960,-0.08861990,0.26598362,0.06877223
-0.00293322,-0.07699631,-0.00924954,0.08617898,0.08719695,-0.05541931,-0.00002280,0.17649665,-0.01745781,0.08449022,0.10552201,0.08264432,-0.00009776,-0.23383423,-0.13217654,-0.00973448,0.15499513,0.24243344,0.07427649,0.24179471,-0.10259310,-0.01498366,-0.02118099,0.03630664,0.11576683,-0.02778221,0.02771803,-0.05219843,-0.12693493,0.01790526,0.19438426,0.11703570,0.13114004,-0.00543686,0.05357093,0.02731568,0.02663104,0.12796808,0.02131161,0.02524705,-0.16264450,0.01676933,0.03133543,-0.07581973,-0.12620654,-0.02407962,0.02398822,0.04263102,0.11089688,0.04259542,0.07672071,0.05573073,-0.05262552,0.01639709,-0.02505926,0.06600315,0.14284971,0.09241314,-0.06115244,0.13348564,-0.07497527,-0.06154445,0.17906831,0.03571452
-0.00852689,0.02676243,-0.01681446,0.00117947,0.07563717,-0.03265890,0.15603337,0.00671467,0.09666828,-0.00263226,0.03374173,-0.00439800,0.01975519,0.16061737,0.10828111,-0.08112403,-0.12522557,0.02396530,-0.02686098,-0.00944811,-0.02845289,0.13014623,-0.07931652,0.02343468,0.12372302,0.03556054,-0.02480309,-0.06000779,0.02401986,-0.16386837,-0.17242864,-0.19418675,-0.00487199,-0.05590351,-0.09790340,0.17320449,-0.04786681,0.01211996,-0.00606946,0.07449696,0.05571752,0.07620404,0.04009207,0.02389665,-0.09882807,-0.03379943,-0.20945678,-0.02288808,0.05053713,0.00659968,0.09472202,-0.05921338,-0.01543650,-0.05967455,-0.11967601,0.12318160,-0.09113488,0.13753343,-0.01416622,0.05237158,0.07968355,0.05076755,0.01584628,0.13129584
-0.00622591,0.00571038,-0.09111227,0.07750391,0.02700045,-0.02371194,-0.06926734,0.02949283,-0.04061817,-0.07726626,-0.11263285,-0.14140595,0.06493344,-0.11964764,-0.11484384,0.10211474,0.06859724,0.09205131,-0.19733800,0.02196744,-0.07916549,-0.09476161,0.10178049,0.08870595,0.10455880,0.02028573,-0.05822329,0.06400215,-0.06780666,-0.04994950,-0.11033094,0.03062983,-0.11288908,-0.25389031,-0.10904617,0.18285901,0.06617162,0.04069150,-0.02602858,0.06751155,0.08786460,0.08999419,0.05657296,0.13028645,0.07804924,-0.15857302,0.17935895,0.00855085,-0.08730528,0.07654748,0.04212307,0.07816806,0.10140207,0.02515595,-0.03412409,-0.10314205,-0.05664835,-0.05876655,-0.13426855,0.07627482,-0.05209863,-0.15920777,0.11817883,-0.01302566
0.05226711,0.05692502,0.05749491,0.08814449,0.00326617,0.06920022,0.07675111,0.06989180,0.12900753,-0.05036652,0.00445237,-0.04309440,0.02852614,0.08071580,0.10186847,-0.13965735,-0.07512285,-0.04383793,-0.10248037,-0.17910380,-0.02538881,-0.01118047,-0.05089882,-0.06784782,0.05367847,-0.04954993,0.12494297,0.06674128,0.05023464,-0.00635923,0.11363565,0.07124048,0.10449315,-0.10519177,-0.16001502,-0.14098230,-0.14167648,-0.12922769,-0.03200350,-0.04861742,0.06685372,-0.04607816,0.07660816,0.06587498,-0.11373840,0.02706974,-0.00676090,-0.07849569,0.21267175,-0.02743290,0.08799291,-0.06046926,0.07270198,0.04448432,-0.02984335,-0.03791069,-0.02013580,-0.10904880,0.05104584,0.09872591,-0.00218414,-0.06995525,0.08511694,-0.03613795
-0.24310244,-0.12434887,0.06577052,0.00953748,-0.01531817,0.00717332,-0.10551053,0.15105219,0.18321424,0.23993135,0.12857706,-0.10207660,0.05072907,0.04159255,-0.07259617,0.04154650,-0.03317290,-0.03066507,0.08423315,-0.02393615,-0.09613808,0.08058569,-0.13931081,0.12894350,0.03532915,-0.00291460,0.11656637,0.12826381,0.00831454,-0.07208120,-0.19536814,-0.00366385,0.06652267,-0.09523113,0.07269608,0.21489700,0.13178472,-0.02862066,0.08477543,0.07083805,-0.05128471,-0.00744838,-0.13328826,0.11804745,-0.01443021,0.05338412,0.01377277,0.02529263,0.06636425,0.05726708,-0.02449028,-0.10130283,0.08921302,0.03786087,-0.18493313,0.05490621,0.01043628,0.01027034,-0.02442021,0.16194536,0.02688537,-0.07124326,0.08753436,0.14437483
0.07947981,0.12871017,0.16777413,-0.00341582,0.08958517,0.05509000,-0.04323913,0.08949699,0.01831826,0.07977706,-0.16755439,-0.01499368,0.06682604,0.11175079,0.02072074,0.16065775,-0.13086360,0.07139491,-0.13297897,-0.19077779,0.12611445,0.01396362,-0.06858378,-0.12446468,0.06159539,0.07987083,0.00630343,0.01813750,0.02841393,0.05918660,-0.02898436,-0.08386041,-0.06071422,0.00205260,-0.06303472,0.04270215,0.01944140,0.03907885,-0.00673401,-0.06791105,0.09210100,0.14785509,0.07954872,-0.02450644,0.15362048,-0.00913180,-0.09652358,-0.06406365,0.02029413,-0.01096237,0.04129549,0.02330299,0.11116197,-0.03406892,-0.05101866,-0.06309217,-0.15596673,0.03638587,-0.21692717,-0.02992874,-0.00046725,-0.05725971,0.13898137,0.05139257
-0.16499608,0.00498033,0.09443629,-0.04102239,0.12164846,-0.01778476,0.09415839,-0.05068587,-0.00613440,0.12850942,-0.04327092,-0.10996489,0.18339270,0.00532198,0.03810529,0.02126800,-0.06256929,-0.04018230,-0.23740921,-0.08834405,0.06490695,0.13258314,-0.04785107,-0.00926561,0.05861625,-0.05077345,0.09114641,-0.01729570,0.15716158,-0.13434162,-0.03587897,-0.01346640,-0.12112820,-0.10987758,-0.03997284,-0.01802877,0.11802750,-0.03431219,-0.00426370,-0.10959912,-0.09074129,-0.00836503,-0.04035764,0.03143510,-0.09533465,0.02144733,0.12049706,-0.16701696,0.16370564,0.12090816,-0.05765981,-0.06673864,0.04293633,-0.15061071,0.13288062,-0.05412670,0.23172879,0.08588270,0.03363414,0.17359384,-0.03135954,0.02627844,0.16145131,0.05633234
0.20355775,0.13652450,-0.02821660,-0.17042020,0.01833498,0.11260650,-0.06282493,-0.14859671,-0.01670808,0.04631509,-0.00002159,0.01392489,0.05988962,-0.05024830,-0.04139501,0.04104100,0.07390921,-0.00990659,-0.09975319,-0.16409352,0.10091552,-0.05244338,0.10585956,0.09044172,0.02638683,0.04962135,0.18002617,0.17344586,-0.04556841,-0.14514523,-0.09568230,-0.16721749,0.00610008,-0.08597483,-0.02836895,0.13977648,0.00103353,0.06855386,0.11616151,0.09521041,-0.05889028,0.01477942,0.09676728,0.06250891,-0.21465320,0.01324640,-0.03051477,0.09551834,0.03108731,0.01355159,0.11725526,0.13669306,-0.13434172,0.05740102,-0.15753711,-0.14278036,-0.01013964,-0.06590921,-0.08712065,0.07020156,-0.07876128,0.12223139,0.16640623,0.12171471
0.01011898,-0.07728245,-0.25905934,-0.08333071,-0.06809904,0.04370716,0.07366670,-0.04552120,-0.08731003,-0.08393602,-0.07800191,0.07828755,-0.03566332,-0.13276910,0.03275859,0.03723688,-0.11442041,-0.03511999,0.04735578,0.12293259,-0.02994399,-0.00805341,-0.00391223,-0.08531423,-0.10653284,-0.11742902,-0.03036482,0.15617286,0.09900410,0.14838105,0.03988821,0.07108590,-0.11128989,0.21483951,0.11030845,0.07848809,-0.01572924,0.03893828,0.09362753,0.16415368,-0.06761525,0.13436406,-0.05464926,-0.01222364,-0.13708505,0.24593187,-0.01227079,0.19754921,0.06918464,0.03685296,0.00351896,0.06288040,0.04642391,-0.03016366,-0.11368585,0.18070499,-0.07302961,-0.05687165,0.01697859,-0.15070616,-0.19499821,-0.08551410,0.20672780,0.07660143
-0.08569321,-0.07933220,-0.04518629,-0.08452699,-0.05346786,0.04800523,0.01859508,0.03728425,0.03188262,-0.11231066,-0.03461128,-0.15149056,-0.15973826,-0.08115827,-0.08191850,-0.16249977,-0.05835348,0.10805547,-0.01331588,0.10423688,0.03579751,-0.02603544,-0.09778286,-0.10446236,0.01251578,-0.01766820,0.19178979,0.04314254,-0.00350765,-0.12451546,-0.05881602,-0.07580918,0.04849517,-0.03135607,0.02425382,0.18214649,0.16300727,-0.20392572,0.00984297,-0.00023684,-0.06071892,-0.01700369,0.00115600,-0.20559429,-0.09705005,-0.19524373,-0.01240482,0.06745612,-0.03300401,-0.10250791,-0.03579885,-0.13865541,-0.15519191,-0.07087846,0.06023560,-0.05072633,0.09445729,-0.12634178,0.05629172,-0.02265982,-0.06485409,-0.17132289,0.10161965,-0.00951471
0.00343892,0.01835906,0.01941774,-0.03179911,0.09676060,0.12175831,-0.17317207,0.01256521,0.08056079,0.13136051,0.19053897,0.16388510,-0.06748188,-0.04705261,0.03430799,0.18480960,0.07666654,0.12132002,-0.15356825,-0.02805313,0.01834469,-0.00389406,-0.08952231,-0.11351317,-0.13213016,-0.16256295,-0.17028388,-0.02207669,0.11247675,-0.03090583,-0.02982273,-0.15543409,-0.06779652,0.09211187,-0.00921577,0.02943147,0.08840854,0.01033339,0.12107693,0.05765869,0.01417772,0.09455755,-0.04404579,0.02673460,-0.11315222,-0.07205535,0.09803711,0.20698114,0.06267516,-0.14988279,0.07267724,0.12353345,0.01064044,0.03929332,-0.07468253,0.01094795,-0.19600113,0.08253287,0.20081651,0.05462255,-0.15852929,-0.00708480,0.13339772,0.03258733
-0.09805129,0.12404162,0.05492436,-0.01008352,0.09624809,0.10912437,-0.08847550,-0.00098100,-0.08977277,-0.12973654,-0.02280809,-0.08233596,0.01401814,-0.00471298,-0.17776035,-0.20557296,-0.02266098,0.02022479,0.01752220,-0.01235511,0.06226393,0.02571757,-0.06865852,0.01641847,0.07597948,0.02668185,0.20203056,0.01874975,-0.05749860,0.00354894,0.05259663,0.22094881,0.25122641,-0.10352813,-0.09814697,0.07674484,-0.00065155,-0.08554853,-0.06241434,-0.14777934,-0.07791756,0.11007957,0.04989588,0.05127195,-0.16881344,-0.01694379,-0.05047045,0.00391355,0.07186279,0.02682532,-0.03388273,-0.05929576,0.17114886,0.04966185,0.07001532,0.02207598,-0.20195872,0.02718405,-0.01010275,-0.13493985,-0.07745098,-0.08194290,0.20390430,0.02489391
0.04698874,0.07575359,-0.20164517,-0.12826278,0.09301006,-0.14850201,0.00400889,0.00085653,-0.07340609,-0.11119315,0.08401830,0.12310767,0.16225924,0.13277862,-0.11116904,-0.05614396,0.04456113,-0.00262991,0.19041237,0.19640123,0.13701139,0.00099084,0.03552274,0.01687358,-0.14501780,-0.00651577,0.03625455,0.01268419,-0.03785507,0.04871862,-0.11165896,-0.03941792,-0.06345798,-0.13002795,-0.02240271,0.02271257,0.16261850,0.16357009,0.02876223,-0.03154292,-0.03735667,0.00855865,0.00042961,0.00597605,0.00804721,-0.03201743,-0.03343190,0.07769714,0.03822586,-0.05462114,-0.13176214,-0.13290190,-0.11346643,-0.04154515,-0.00097344,0.04542585,0.03900013,-0.05964985,-0.03383895,0.04515508,0.06706992,-0.10034673,0.20444202,0.03644231
-0.10928618,0.13430965,0.13143315,0.01922660,0.05143804,0.20920353,-0.01291506,0.04409646,-0.06196089,-0.02158823,-0.04664140,-0.09075203,0.09915802,0.14232832,0.17502206,0.03198212,0.10918362,0.07773833,0.05412477,-0.11878495,-0.02331589,0.03566964,0.10699924,0.05815540,0.01612937,0.00490639,0.00337329,0.03102706,0.25362675,-0.08545008,-0.01022017,0.09248520,-0.03694023,-0.11025792,-0.12493987,-0.09976631,-0.03469754,0.00386537,-0.09480213,-0.14732505,-0.17744401,0.06162735,-0.06703971,-0.13455919,0.05041815,-0.12156272,-0.18363362,0.00854752,-0.07247784,0.15110685,0.02027053,-0.10621998,0.17413564,-0.07626859,-0.16227107,-0.12761764,0.09995548,-0.08193861,0.04869129,0.02796403,0.03347292,-0.00322850,0.24145924,0.07245906
0.20934875,0.18716296,-0.18175734,-0.11903548,0.07345640,-0.02447627,0.03114400,-0.06656109,-0.07773408,0.18799032,0.03546628,-0.03786403,-0.06612892,-0.06225003,0.00176143,-0.05613491,-0.03232880,-0.00888145,0.02731523,0.10183179,0.10542730,0.04618848,0.03831893,0.12254856,0.03123666,0.19002241,0.17360110,0.03792277,-0.03536047,-0.14436888,0.03060141,-0.05036940,-0.21345775,-0.03338918,0.05628843,0.09451890,-0.00812385,-0.23298015,-0.05637491,-0.03634447,-0.11260770,-0.05736020,-0.02196792,0.07094967,0.05369066,0.00587987,0.06090030,-0.09193215,-0.00939093,0.04935708,-0.06699190,-0.08044315,0.12745586,0.07817267,0.01449926,-0.01671913,0.07175336,-0.03294807,0.00048994,0.05605582,-0.03873687,-0.11003102,0.06036515,0.08913769
-0.05398380,0.01177516,0.15942546,-0.02849127,-0.01618813,-0.00151865,-0.01950866,-0.09254564,-0.12465342,0.00443579,-0.03164488,-0.08275062,0.06531642,-0.06067806,0.09162102,0.14465615,-0.05366406,-0.04928111,-0.17837569,-0.10803243,-0.04394962,0.08203669,0.03796140,-0.09608525,0.09441189,-0.09323801,-0.03137121,0.00160671,-0.09277842,0.02008354,-0.02216266,0.02944464,-0.13661247,0.07827671,-0.00594642,0.03718792,0.01763225,-0.12216798,-0.05909715,-0.18770180,-0.06116328,0.10403603,0.13444916,-0.09764013,-0.07731977,0.12015297,-0.11461041,-0.05370274,0.09021670,0.12551341,0.02694364,-0.09517149,-0.03379019,0.12553110,0.21896415,-0.09770533,-0.10805672,0.15696380,0.10119450,0.16091715,-0.05306169,0.09561032,0.20131328,0.07428963
0.03549213,-0.12051579,-0.15949688,-0.07127372,0.03950966,-0.00758539,0.07853308,-0.10583635,0.05046293,0.16158269,0.00282939,0.00335021,0.05109686,0.13336214,0.06755689,0.15474317,0.08445303,0.01506917,-0.10344146,-0.22723514,-0.01579821,-0.11814005,-0.02381362,0.07544486,-0.01612271,-0.02975359,-0.04035558,-0.08080470,0.06395275,-0.15777982,0.21102285,-0.06815086,0.05236887,0.02725876,0.03219535,0.09890415,-0.10979092,-0.14008445,0.05683240,0.07633282,-0.14968361,0.16896132,-0.01174264,0.08180867,-0.01873112,0.00741504,-0.13219291,-0.18769421,0.01130909,-0.12364072,0.12674408,-0.02812903,0.07623029,-0.00945064,0.03503590,-0.20162621,0.09480342,-0.13391270,0.02445760,0.22850493,0.06356932,-0.04142347,0.14030628,0.00383307
0.01214952,-0.03154051,-0.00345369,-0.00240678,0.08017904,-0.02030808,-0.03804039,0.07672847,0.15803542,0.01933953,0.03601848,-0.08542518,-0.04424816,-0.17183371,-0.04765955,0.00717027,0.06502120,0.12568107,-0.09053061,-0.06068708,-0.10963294,-0.01222483,0.02458495,0.12661368,0.09698565,0.12397897,-0.00404044,0.03563363,0.03186280,0.08039608,0.05203136,-0.14727193,-0.03681996,0.01646228,-0.01853153,0.04841260,-0.08122445,-0.07909020,0.08748941,0.08526977,-0.03160510,-0.00712448,-0.08384685,0.22447680,0.02949414,0.22527404,-0.09788657,-0.01632434,-0.12127893,-0.03532791,-0.02550317,0.00153045,0.08562892,0.14737185,-0.12801379,-0.10532627,0.01682726,0.03658797,0.17166911,0.04029813,-0.04927397,0.16208397,0.14936791,0.02963109
0.04855352,0.04820113,-0.00139811,-0.03296078,-0.10061637,0.04362718,-0.07018169,-0.01351098,-0.06895150,-0.04187953,-0.22397251,-0.13540583,0.03697904,-0.03360476,0.00836382,-0.07423672,-0.05803679,-0.11808030,0.06409013,-0.09768741,-0.07857721,-0.05086736,0.02878426,-0.00440615,0.02407635,-0.22867829,-0.05418208,0.13707366,0.02884763,0.00448364,-0.09884170,-0.16846727,0.03776943,0.00535076,0.19490140,0.01915601,0.05234681,0.00184815,-0.16084009,-0.05089189,-0.11311672,-0.15810178,0.06667516,-0.05229716,0.02842681,-0.06957820,0.02950374,0.05290519,0.11775785,0.05133154,-0.03067297,-0.01869731,-0.17233977,0.05951285,-0.04838097,0.02931360,-0.08166860,0.00096923,0.05859484,-0.12910169,-0.19519663,0.14923639,0.03925862,0.02557789
-0.05015319,-0.04479468,0.05144019,-0.01712925,-0.10401248,-0.00615675,-0.16031789,0.00627514,0.02825732,0.14266689,-0.06742463,-0.00135814,0.05153051,-0.05663624,0.09457199,0.15904212,0.26440695,0.02733132,0.08214014,0.03971704,-0.00321613,-0.15428385,0.01996085,0.07067222,0.14818279,0.02939903,0.12639006,0.13388398,0.05190589,0.14063107,-0.07084044,-0.06274440,-0.16314931,-0.15138603,0.01613676,-0.15697763,0.00663623,-0.19313948,0.03390806,-0.02527906,0.02869205,-0.00115796,-0.04004514,0.10756842,-0.11148740,0.09431833,0.10588424,0.10733153,0.08681381,0.02401614,0.11510878,-0.12438536,0.07413923,0.05635806,-0.03177964,-0.01433127,0.02612845,0.05350588,0.02977953,-0.06900905,0.01676006,0.04805336,0.16481220,0.04270650
-0.09223782,0.01250360,-0.07521320,-0.02173704,0.00996628,0.04002027,-0.00843489,0.00746290,-0.01963786,-0.09468653,0.02069757,-0.09844987,-0.03740435,-0.04980586,0.14504977,0.13008435,0.21918147,0.06867037,0.07110669,0.16130149,0.05180707,0.23605867,0.00911111,-0.09414614,0.00427152,-0.03899207,0.04520163,-0.07841476,-0.00071215,0.01755279,-0.06325789,0.05502086,-0.18812268,0.14269513,0.09558916,0.03381918,0.02184191,0.02467815,-0.02293043,-0.06670141,-0.02733014,-0.03615429,0.02064779,-0.00401071,0.02568208,0.06690312,0.14353801,0.10981119,-0.19006388,0.15158837,0.09704538,-0.00451298,0.09504892,0.20747396,-0.02619152,0.01899613,-0.18994693,0.03935159,0.15948286,0.05010568,0.01417864,0.00245502,0.15584478,0.06254658
0.02773695,0.06048534,0.06504879,0.02587449,-0.00835017,0.04709919,-0.06918277,0.11920578,-0.02779023,-0.06649039,-0.04824426,-0.03428505,-0.15552056,-0.01996260,-0.29308461,-0.09391050,0.00029738,0.02841540,0.14397693,-0.11391778,-0.09947172,-0.02704602,0.24561644,0.06583361,0.15028925,0.10616340,-0.00398145,0.07801137,-0.05612932,0.05805081,0.03131450,-0.12696548,-0.18085515,-0.13107425,-0.14154979,-0.09153106,-0.01646058,0.08189904,-0.00989072,0.07463648,0.08684930,0.01496954,-0.07464773,0.03878827,-0.11792724,0.02485981,-0.03381435,0.03443463,0.03729098,0.08170430,0.03420312,-0.23685549,0.00707396,-0.04881681,0.06061579,0.10150884,0.08925974,-0.02862018,0.21417037,-0.02990458,-0.00856623,0.09562764,0.04929302,-0.00254441
0.07097866,0.03348867,0.15589832,-0.01319386,0.03868741,-0.10691087,-0.00207143,0.01022433,-0.00234755,0.08305501,-0.09975239,-0.07133380,0.02081373,0.00375396,-0.01190465,0.11427766,-0.01961477,0.11371586,0.01569096,0.04914247,0.05678610,-0.01047774,0.04807518,-0.01753050,0.02872760,-0.00060467,0.16532709,0.02734237,0.16427843,0.18130469,0.05167671,0.10822314,0.11503228,-0.09187021,-0.17591314,-0.07687337,-0.15467515,-0.13984120,-0.17103048,-0.06592451,0.17792670,0.09093369,0.15781059,0.05011051,0.07724130,0.14240000,0.08515460,0.07589179,-0.11830244,0.16042366,-0.03668203,-0.08583204,0.00046506,0.10070464,-0.02214177,0.17452513,-0.08845581,-0.13454122,-0.09162896,0.03669954,0.09924602,0.11126835,0.17836493,0.06450887
-0.13705758,-0.08344272,0.04873272,-0.13275608,0.21602999,-0.01831787,-0.01871592,-0.02495300,-0.06992043,0.04320806,0.23365874,0.19551087,0.05237763,0.15336413,-0.06380313,0.14871794,0.06706118,0.16330951,-0.14473052,0.07938656,-0.02815663,0.23702329,0.10552116,0.03418083,-0.18406776,-0.08903477,-0.00115148,-0.06724462,-0.09740267,-0.00081555,-0.12468029,-0.06050875,-0.12249849,-0.06546264,-0.12197549,0.00692161,0.03574893,0.15466170,0.10527845,-0.06768509,0.08692684,-0.27422478,-0.24158781,-0.12283597,-0.05200598,-0.08201979,0.00711276,0.04042094,0.06309509,-0.00407964,0.03039870,0.16373652,0.07755550,-0.10323350,-0.15707534,0.08722722,0.08945875,0.02763080,0.04448124,0.03188423,0.07489691,0.01462275,-0.04094712,0.06667619
0.16537729,0.05090517,0.05574536,-0.00310450,-0.03276141,-0.10141922,0.21837461,-0.05495438,0.01291386,0.02838011,-0.15321814,-0.06241421,-0.12283224,0.11319615,0.14523286,-0.05563527,-0.08339369,-0.11043858,0.04943473,-0.05421551,-0.10332599,0.02971979,0.06257979,0.07672158,-0.13636971,-0.04007637,-0.00822352,-0.16895988,0.21393704,0.13012926,0.00938380,0.07048323,-0.09920750,-0.06895533,0.09782732,-0.04651547,-0.00443639,0.16765736,-0.05381785,-0.01158416,0.03014230,-0.05361544,-0.06113869,-0.04284498,0.02764976,-0.10211839,-0.17301514,0.03305961,-0.05739804,-0.07832185,-0.10028556,-0.14064113,0.00638734,-0.01964826,-0.04659112,0.02910742,-0.05194395,-0.01129819,-0.10215719,-0.01563531,0.11004867,0.00385350,0.23417862,0.06207470
0.01978923,-0.15334287,0.03477519,-0.00111808,-0.09531946,-0.24950882,-0.01272577,0.09065076,0.03426687,-0.14041701,-0.01243750,-0.17927343,-0.06052290,-0.06240316,-0.00364012,-0.15042569,-0.03326343,0.03551511,0.18871310,-0.10488648,-0.05617476,-0.11325567,-0.13271479,-0.19782863,-0.12575614,0.01884107,0.02534158,-0.07508265,0.04352139,-0.08633050,0.16814867,-0.12459567,0.09134881,0.04974923,-0.04037126,-0.00875804,0.00696447,0.05030143,-0.05211925,0.02356209,0.09489897,0.05748239,0.01272323,0.06134829,-0.09352481,-0.03291007,0.10996661,-0.07467862,0.08144424,0.06453472,-0.00282730,0.00256723,-0.11521289,-0.15123757,0.09040912,-0.07764885,-0.01765569,-0.21410285,-0.11302808,-0.12024196,0.10766295,-0.12962089,0.20731394,0.04629581
-0.11577627,0.01605861,0.03100402,0.07551206,-0.11144970,-0.14232133,0.10666824,0.11342482,0.16439368,0.18857610,0.06577296,-0.12491058,-0.01150523,-0.02785152,0.12995496,0.11705859,0.06485553,0.09678069,0.03751391,0.02452021,-0.13899933,-0.16334109,0.05515441,-0.07615377,-0.02061677,-0.05654275,0.04702755,0.03234963,0.10087985,-0.04217075,0.04466283,-0.01374028,-0.04514887,0.03030440,-0.07148785,-0.09067001,0.07512992,0.10673017,-0.05018481,-0.02691069,0.03281578,-0.10032422,-0.06810835,0.17493239,-0.03450552,0.07512186,0.11017814,0.04628100,0.13529973,0.09014336,0.17110529,-0.11139880,-0.10062876,-0.08160950,-0.10203417,-0.04248070,0.03835485,0.10969937,0.05302493,0.08461584,0.01625161,-0.09338432,0.05318887,0.03009143
-0.12546892,-0.15937639,-0.04497065,0.06874195,-0.02758081,-0.14086694,-0.08765310,0.13274847,0.04242430,-0.16105471,-0.11248229,-0.00040165,0.22678428,-0.04736285,-0.00233164,-0.14451492,0.08112052,-0.05392984,-0.04322349,0.08498266,0.01104394,-0.06528166,-0.06273632,-0.01190395,0.00706129,0.02084348,-0.07523944,-0.09037275,0.02301188,0.09436434,0.01854888,0.00057335,0.03503016,-0.09961400,-0.08219929,0.07870464,0.11356414,-0.06372543,-0.03029585,-0.08539870,-0.10667818,-0.15782834,-0.05511205,-0.05886520,-0.07955917,0.07833884,-0.08686594,0.05659479,0.11340079,0.02657858,0.06784834,-0.13519510,-0.06180533,0.00266509,-0.01215681,-0.04018644,-0.11580750,0.04494669,-0.06788179,-0.06855143,0.01016789,0.16460807,0.31009824,0.07392276
0.09741826,-0.01709244,-0.01901722,0.08843723,-0.04919081,0.09846985,0.06461536,-0.01697140,-0.05051765,-0.08880132,-0.01193848,0.00586964,-0.11531705,-0.12712737,-0.01550562,0.20075154,0.09381766,-0.13861924,-0.01110888,0.15389108,0.13868417,0.11687538,0.07979178,0.19476759,0.12688413,0.12190074,-0.00397287,0.02270517,0.05105430,0.19509752,0.04070359,0.10003491,0.24636412,0.13120282,0.09070352,0.16513412,-0.01032020,0.12466026,0.10074167,-0.01528102,0.03135445,0.10341489,0.00000425,0.18959893,0.07769410,-0.05971568,-0.18978607,-0.09754366,0.08559043,0.00294135,-0.08160662,0.10032918,0.02926285,0.03177003,0.20351286,-0.07367662,0.10276739,0.09113605,0.07618396,-0.13659032,-0.32860709,-0.13557689,0.04030972,0.03749965
-0.20771114,-0.07090735,0.06799871,0.01956517,0.05125637,-0.02023563,0.18554502,0.11773101,0.01554026,-0.11520374,-0.01403268,-0.09728058,0.01472570,-0.18660483,0.10617552,-0.09628737,0.08641146,-0.01532205,0.08544471,-0.06699426,-0.01782428,0.00700724,0.21624096,-0.04199986,0.08332034,0.00483241,0.00528711,-0.05009400,0.03559595,0.07863277,-0.19675621,-0.01136968,0.00886066,-0.09623585,-0.04145067,-0.02651131,-0.14722463,0.03406627,-0.01338994,0.08430864,0.27587352,0.12816271,-0.03203400,0.18827491,0.17811290,0.05427357,-0.01347864,-0.11716344,0.12826927,-0.03610024,0.00144979,0.06068184,-0.10732605,0.00447518,0.01986858,-0.09450661,-0.14046475,-0.04212157,0.02512394,-0.20991372,-0.04295505,0.11510413,0.12147004,0.08424326
0.06987780,-0.06793693,-0.00835857,-0.21467291,-0.08366191,-0.10893561,-0.08053422,0.08295928,-0.02315542,-0.20122658,0.05175547,-0.02065407,0.02343431,-0.00356973,0.01914434,-0.08088787,0.09997439,-0.06746005,-0.05890295,0.09175553,0.03469148,-0.01015403,-0.08827186,-0.01579356,-0.08455989,0.09200597,-0.03612470,0.01020147,-0.05627504,-0.13989733,-0.02263089,-0.15098267,0.04294619,-0.12111311,-0.00145803,-0.02258342,-0.03174242,-0.16154129,-0.12714192,0.04623389,0.07986236,0.14881364,-0.03261368,-0.05582357,-0.00278125,-0.11702583,-0.03052795,-0.04445615,0.09215651,-0.07881661,0.10578999,0.01956996,-0.10294912,0.00477776,0.03167554,0.10930482,0.10013968,0.10250022,0.05518253,-0.05346228,-0.04240906,-0.17563966,0.02187056,0.05377871
-0.03216259,0.05274168,0.04073208,0.07608765,-0.10825929,-0.00757125,0.01974617,0.12290407,0.02882634,0.05677200,0.03036296,-0.05765593,-0.10308211,0.00848830,0.01809020,-0.04706151,0.00393520,0.16904493,-0.04768576,0.09150682,0.02717616,0.16103158,0.09374571,0.14862521,0.22769158,-0.05661268,-0.04640129,0.04717040,0.15630515,0.15319157,-0.07722563,-0.02163752,0.10227465,-0.07225018,0.07967260,0.10603192,0.13738486,0.11195150,-0.10806595,-0.06562979,0.08007838,-0.02590269,0.02343656,0.05616680,0.05160657,0.12043719,-0.15898897,0.01184820,0.01515358,-0.00318891,-0.01133315,-0.02095928,-0.02653142,-0.06525369,-0.05915647,-0.17337054,-0.21857361,0.03113379,-0.08945435,-0.00575492,-0.11077001,-0.05952966,0.15810727,-0.00523751
-0.23798963,-0.16431863,-0.10549938,-0.04159595,0.06145902,-0.02361838,-0.03700014,0.00700393,-0.18690580,0.04614475,0.02855519,-0.07360004,0.06865022,-0.02582298,-0.02906954,-0.07005523,-0.02979989,-0.08025430,-0.05699762,-0.15382691,-0.03582912,0.07110559,-0.03060724,0.05378728,0.10560050,0.10627847,-0.08924681,0.06024357,0.10461179,0.02719530,-0.04996204,0.04100426,0.07035119,-0.02684009,0.04469858,0.12394623,0.29913483,0.08434896,0.06158587,0.09295228,0.07798770,-0.00912101,0.16311714,0.02090116,-0.01324320,0.13379667,-0.10701358,-0.00655022,0.06284127,-0.02092114,-0.12124287,0.03604931,0.07363514,-0.00137634,-0.04949302,-0.00169849,-0.03617143,-0.14755837,0.13593823,-0.08495421,-0.16976107,0.11846634,0.14626720,0.13404967
0.00954739,-0.04229596,0.07135524,-0.11877558,0.01517042,-0.11794739,0.00712537,-0.12305645,-0.01203285,-0.01966446,-0.09295951,-0.06354562,0.03657866,-0.13628801,0.01373001,0.05596641,0.28313037,0.23888628,0.03211379,0.00495529,-0.14055302,-0.07561123,0.09911521,0.15609636,0.11237280,-0.02316430,-0.04907003,-0.20245272,-0.12009045,-0.11441156,-0.03958190,0.03850686,-0.05120627,-0.00841559,-0.05337010,0.03381863,-0.16496007,0.07799744,-0.12469967,-0.00422332,-0.11761733,0.05920321,-0.08764845,-0.11892700,-0.01849650,-0.00768152,-0.05115782,0.06934028,0.09242919,0.00413450,0.05295542,0.02622463,-0.03202560,-0.05343120,0.14555765,0.17124893,0.09035255,-0.03790132,-0.06451623,-0.02879625,0.01571934,-0.04691131,0.20557744,0.05237145
-0.18599904,-0.04474721,-0.09556587,-0.02615835,-0.04105402,0.04023235,-0.01177709,0.05635830,0.01956644,-0.00293616,-0.23615986,0.12763139,-0.11524914,-0.06647499,-0.09145526,-0.10601662,-0.03250652,-0.10561029,0.12062850,-0.02040115,-0.06719617,-0.04625907,-0.12563893,0.03205501,0.11138465,-0.00845524,-0.02296801,0.15870713,0.04218682,-0.01633128,-0.00097489,-0.03250358,0.15741527,0.11340572,0.12324739,0.09579181,0.08018158,0.12396135,-0.05971743,0.03305788,-0.04191784,0.13653392,-0.09816596,-0.09868006,-0.00396264,0.13295799,0.06157453,0.10788413,0.14618550,0.08468004,0.03279246,-0.08745581,0.00583775,-0.09424850,-0.07876586,0.10468127,-0.05702800,-0.03492010,-0.01823351,0.13227384,0.04791823,0.02873773,0.03414137,0.03463290
-0.00035307,0.00643636,-0.00001257,0.00111576,-0.14918798,-0.06996573,-0.03128156,0.11162067,0.04255451,-0.01298612,0.12422884,0.12670073,-0.07633673,0.11171397,0.02099067,-0.03997360,0.08861042,-0.00197499,-0.01446263,-0.04677568,-0.01419791,-0.07635939,0.16464411,0.03879224,0.22972075,0.12818106,0.06887950,0.00616265,-0.01669890,-0.05319813,0.11613775,0.11686740,0.12389808,0.02602913,-0.03280221,-0.12522492,-0.07273298,0.01819974,-0.07143389,-0.06761229,-0.12457818,0.00861957,0.11687553,0.03021387,0.03519727,-0.02606134,-0.05948200,-0.11159601,0.01279750,0.07109060,0.04374073,-0.07222107,-0.00830746,0.09613753,-0.04416376,0.29088568,0.12529186,-0.07873337,-0.11448020,-0.11335323,0.06904881,0.04797504,0.30835963,0.04093051
-0.06963886,-0.04287386,0.00462054,-0.17204743,-0.04185003,0.00837151,-0.11565687,0.00036207,0.13524411,0.07097600,0.04456297,0.03246319,-0.05931187,0.14209048,-0.06294447,0.02783568,0.02362235,-0.06084821,0.00578200,-0.05181304,-0.23063077,-0.17980183,-0.15052307,-0.06992845,0.04110541,0.08098750,0.01975326,0.09140175,0.06263068,-0.02847256,0.03516072,0.00282301,0.06257923,0.01762730,0.03951328,0.12054703,-0.04195173,0.04170132,0.15617386,0.04871762,0.13555329,0.02690236,-0.05986280,-0.04522498,-0.09304895,0.04231651,0.02111896,-0.11041544,0.00126102,0.13573559,0.16840091,-0.20337041,0.02499693,-0.12611025,0.13658458,0.05318068,0.17315206,0.09856600,0.02134250,0.19436240,-0.00200766,0.09803984,0.21328423,-0.05530464
0.09678664,0.03941260,0.21546800,-0.07657303,-0.05126248,0.00468744,0.04107315,0.04298335,-0.01118413,-0.07919100,0.09578996,-0.06923661,0.04293876,0.13860265,0.00212788,-0.03037544,-0.24647468,-0.09575302,0.17079332,0.05497589,0.13784789,0.04998285,0.09545780,0.03093835,0.06741525,0.16929627,0.03306900,0.15660267,0.05148330,-0.12139223,-0.07510706,-0.05301167,0.11466568,-0.02614673,-0.03859253,-0.06711379,0.02507130,0.11457322,0.06761881,0.11139813,0.14783183,0.07541566,0.21525277,0.12578258,-0.08078449,0.00436739,-0.06282424,0.05591772,-0.04276746,-0.08424654,-0.03364197,0.08955254,-0.01691577,0.00307985,-0.06866320,-0.01731725,-0.14456643,-0.06777089,0.02274681,-0.07028461,-0.06512923,0.10868655,0.07010498,0.07489442
-0.01012234,-0.01880167,-0.08896428,0.01457334,0.08933804,-0.09828914,-0.09372190,-0.07428700,-0.06355897,0.00436416,0.05480869,-0.08490770,0.00904172,0.03884620,0.14800533,-0.11479884,-0.02436520,-0.00708755,-0.16571189,0.06454414,-0.08211084,0.13169456,0.09594252,0.09830835,-0.20819111,-0.01428429,-0.07690285,0.10891500,-0.05853645,0.26488640,0.07874495,-0.17734217,0.02368655,-0.18200648,0.00870349,-0.01825867,-0.00968444,0.08839502,0.02984605,0.28700268,0.01336264,0.00666977,-0.05987152,-0.11295175,-0.22272037,0.12082069,0.17624279,0.09165147,0.15084783,0.19016370,-0.07352254,-0.01087131,0.08067090,-0.13043169,-0.02159453,-0.14141451,-0.02817787,-0.04163775,-0.05471512,-0.02822189,-0.16827260,0.15745086,0.09986551,0.10048628
-0.05244281,0.04162805,0.06279245,-0.02879996,-0.05347271,-0.12449954,0.00384553,0.00047699,-0.02770902,-0.04783494,-0.08106788,-0.04496676,0.06501324,-0.00560826,-0.05377993,0.07853319,-0.09682586,0.04028028,-0.06885671,0.06037481,0.05752579,0.14818428,0.07482789,0.03067471,0.16360454,0.09829066,-0.09859423,-0.07833635,0.09084406,-0.02018076,-0.19102714,-0.01655200,0.09450926,-0.00148294,0.06987363,-0.08343663,0.02379664,0.12734727,-0.02002590,-0.09239822,0.10015840,0.16311179,-0.03490577,-0.18771438,-0.12045080,0.02275710,-0.19672106,-0.01129202,-0.03792433,0.08243704,-0.14695440,-0.01250861,0.00026202,-0.02414045,0.03862389,-0.21727525,0.07055147,0.06605036,0.17287537,-0.00104859,0.08201867,0.09654302,0.16150269,0.05919476
-0.09839514,-0.01153748,-0.07388367,0.00438487,0.26341806,-0.03655303,0.11530068,0.13083105,0.01415180,0.04977282,-0.02031569,-0.07034019,-0.10878330,0.04561963,0.15541457,0.02717762,-0.06067882,-0.03082735,0.09458175,-0.01564923,0.03939795,-0.05661561,0.09069074,-0.02873045,0.05931869,0.17857796,-0.08944096,-0.09624589,-0.08326932,0.17655751,-0.08201481,-0.00667163,-0.17703058,-0.06450223,-0.02167902,-0.07892781,-0.12309252,0.15395230,-0.00902595,0.16569754,0.09159753,0.09385010,0.06369609,-0.02812837,0.05256115,-0.05690971,-0.06401292,-0.02328422,0.14000438,-0.04002955,0.01693400,0.08757464,0.11382433,0.00005733,0.01106327,-0.01959836,0.06760154,0.13843583,0.05460966,0.07523380,-0.12130486,-0.06175822,-0.09568734,0.00967394
0.10306204,0.03005721,-0.03102891,0.03665278,-0.11079987,-0.13116750,0.07902860,0.12117934,0.04095066,-0.07253851,-0.17954318,-0.02889759,-0.10365544,-0.15808236,0.01225573,-0.11009927,-0.06069621,-0.01804947,-0.07306727,0.04952311,-0.06866005,-0.06317550,-0.05413142,-0.04849274,-0.04836044,-0.03466923,0.11474265,0.17063693,0.10145595,-0.12480778,-0.00661402,0.00323894,-0.01438478,-0.04649597,-0.08719091,-0.15428023,-0.24641168,-0.09551173,-0.13330929,-0.11159458,-0.01742908,0.05615304,-0.13066491,-0.12751334,-0.05235683,-0.20902156,-0.17218660,-0.06222552,-0.27241034,-0.07874828,0.07102732,0.16120760,0.24223397,0.02337244,0.13715485,-0.17643719,0.07555784,-0.06596612,-0.10075121,-0.11510246,0.11747990,0.05399641,0.17102224,0.06912796
0.15057622,0.04330209,0.05155882,0.02831152,0.10130253,0.00493501,-0.11934423,0.02838368,-0.15390801,0.21793917,0.03072984,0.10181216,0.03523331,0.10820080,0.14212032,-0.01212673,-0.14491449,-0.00028208,0.07955432,0.05175954,-0.00592083,0.11124170,-0.18593821,-0.11555196,-0.16903044,-0.13051310,0.03320616,-0.08260127,-0.02111219,0.00744568,0.04647349,-0.05958905,0.02322771,-0.03842557,-0.04957343,0.04272126,0.09662927,-0.04420928,0.09874642,0.01911727,0.03610359,-0.12375167,-0.03404886,0.00406319,0.05525790,-0.09517060,0.00178258,0.04204594,0.11907138,0.13758898,0.01684944,0.13193358,0.05336769,0.06906507,-0.04407645,-0.07964253,0.07294411,-0.04523877,0.00808600,0.02428852,0.05772071,-0.03257219,0.09591104,0.08251604
0.01228149,-0.05859975,-0.03357983,0.06772610,0.01548503,0.10520625,0.02662158,0.09104127,-0.06990511,0.08105481,0.03515148,0.01768120,-0.13135438,-0.13486250,-0.11701008,-0.17451287,-0.07325219,-0.10248460,0.03822518,0.00487390,0.07966173,0.05431527,-0.06577613,0.09273277,-0.16000894,-0.04156355,-0.07458541,0.05443486,-0.06687269,-0.13925845,-0.13861227,-0.15859587,-0.05844397,-0.26595518,0.05955641,-0.13805233,-0.08198995,-0.06751232,-0.17978784,-0.12035659,-0.19547030,-0.01866994,-0.08390514,0.06191361,-0.00692193,-0.03378895,-0.00883322,-0.22170344,-0.11708465,-0.03338211,-0.07577471,-0.03626228,-0.06216733,-0.08753636,0.18527925,0.12774267,-0.09805139,0.06551531,0.09181978,-0.07378261,0.13251835,0.04553793,0.11224163,0.07256322
0.03128769,-0.25829025,0.06398660,-0.03248890,0.01489968,-0.02004697,0.03305358,0.04509543,0.12245082,-0.01091369,-0.01209144,-0.11868705,0.02252935,0.17446651,-0.02525868,0.09016293,0.06831348,-0.08606946,0.00040056,-0.12306387,0.04742026,0.02745572,0.06059289,-0.00904124,-0.03364425,0.01067978,0.21949036,0.02290257,-0.04698685,0.03674852,0.02737021,0.03039350,0.00053729,0.06204217,0.09066412,0.14710915,0.20678046,0.06914408,-0.14795947,-0.08735285,0.05610299,-0.05828837,0.08854843,0.03111679,-0.04055901,0.11998837,-0.02495463,-0.11884550,-0.14850950,-0.02695435,0.12915254,0.01265650,-0.01953205,0.05537226,0.05855107,-0.03918650,0.09468342,0.24013359,-0.06017425,-0.08953793,-0.15860939,-0.08508820,0.22251409,0.09785537
0.09551672,0.02144414,0.10436802,-0.05629642,-0.00068442,0.09908087,-0.02260402,0.01342774,0.24760200,-0.01487220,-0.02468882,-0.00927333,0.06553088,-0.14421848,0.08819894,0.09795908,0.10368506,-0.15749420,0.08169197,-0.11580688,-0.11355954,-0.04274831,0.03115323,0.03549346,-0.01081312,-0.13524221,0.06209035,0.10640111,-0.06316629,-0.04095584,0.07838742,0.04981144,0.04264144,-0.03056358,-0.07276964,-0.05243877,-0.01807800,-0.14269304,0.03199610,-0.00973509,-0.03980918,0.05015941,-0.14533697,-0.05316140,-0.12436374,0.02306146,-0.02158745,0.06970632,-0.12273168,0.04683176,0.07501471,0.05505892,-0.02565510,0.07388590,0.00310895,-0.10896402,-0.04630867,-0.04046786,0.06282463,0.16308880,0.17653766,0.00805975,0.10549757,0.02311188
-0.05339421,-0.09564922,-0.04383425,-0.02129577,0.04587519,0.16716460,-0.11399066,-0.03784665,0.17000369,0.07414776,0.05334565,0.01444844,0.06558666,0.07060893,-0.05866588,-0.12332034,-0.11018401,-0.11074364,0.01022106,-0.05060546,0.14508272,-0.00605925,-0.11486984,0.04416827,0.20006367,0.01902967,0.11760995,0.03073586,-0.03797349,-0.17559564,-0.10480319,-0.08681713,-0.12193498,0.01522386,-0.09970729,0.10659278,0.21876347,0.18778889,-0.09498773,-0.16767921,-0.11244423,0.09540653,-0.05797963,-0.11982980,0.15563153,-0.05502357,-0.01107248,0.07567394,-0.04672226,0.14407321,-0.02813441,0.04514937,0.06312485,0.05828959,0.11257828,0.08869551,0.09887576,-0.11203483,-0.00780238,0.07360910,-0.03469227,0.03451266,0.24188865,0.11439935
-0.14432883,-0.11071487,-0.01488096,-0.04996386,0.20161095,0.04476656,-0.09299920,0.08063121,0.06841334,-0.02539676,0.01397665,-0.02098771,0.06720819,0.14202799,0.06676917,0.07253225,0.01717891,-0.03005802,-0.19677885,0.06136427,-0.04736793,-0.12286513,-0.03205872,0.17508269,0.02450665,0.13847410,0.17506051,-0.11836903,0.09215771,-0.03801826,0.08339415,-0.04152656,0.18429394,-0.01095530,0.11514777,-0.02095817,-0.08938964,0.02580361,0.07108639,-0.04465965,-0.00043604,0.04347202,-0.05112698,-0.20140951,0.02666037,-0.09539295,-0.05632151,0.02703423,0.05262619,-0.05965669,0.14678073,0.13755321,-0.30500407,-0.07556582,0.08547764,0.03468513,-0.06206239,-0.00765427,0.06528357,-0.08139203,-0.05862790,0.12489056,0.13274346,0.04758184
0.05220777,-0.09311681,-0.04325812,-0.08273352,-0.11657100,-0.07602338,-0.05524865,-0.05074006,0.03365671,-0.05812798,-0.05936208,-0.27109715,-0.05003508,0.10759066,0.18013614,-0.02348836,0.06060196,-0.12531761,-0.02199206,0.02255507,-0.08491299,0.18303927,0.01025983,-0.23108977,-0.01113338,0.03637457,0.02160523,-0.09466596,-0.02228319,0.09507808,0.02361456,-0.02819402,0.04408568,-0.10867761,-0.00872929,-0.02682144,0.07488255,-0.02677449,-0.08240329,-0.07364825,-0.06132963,0.09794739,-0.08801351,-0.03582473,0.09623447,-0.14685881,-0.15849471,0.07593598,-0.01065951,-0.11589672,0.01759588,0.03209515,0.19707856,0.08252459,-0.07667038,-0.10942351,-0.06823528,0.04563604,0.05723362,0.00359007,0.00123331,0.11333735,0.11387343,0.00246928
0.13290525,0.23758924,0.11472319,-0.13650064,0.06887764,-0.05676612,-0.08803412,-0.01811472,0.05377760,0.08700112,-0.07199939,-0.07634475,0.14557121,-0.08183113,-0.11035307,0.00125059,0.15799846,-0.05390628,-0.03415359,-0.16725573,-0.13446936,0.02738856,-0.17082741,-0.04395025,-0.02015599,-0.10209627,-0.24875486,-0.10025712,0.13905479,0.02229759,-0.13425064,-0.05043720,-0.05354801,-0.02533434,0.07159435,0.12530225,0.07153243,-0.03178500,-0.15263516,-0.14597643,0.12070377,0.08892075,0.16183921,-0.11740414,-0.00768830,-0.16391575,0.04617987,-0.00267386,-0.12373661,0.04197756,0.00041142,-0.04148843,-0.10240579,0.04744949,0.02340777,0.00984713,0.10966255,0.14176152,-0.04150319,-0.03697048,-0.01624182,0.03952744,0.10134540,0.08568430
-0.04125383,-0.07929793,-0.06963110,-0.09324067,-0.01224184,0.05892999,0.06829375,-0.09237411,-0.09586488,0.06418598,0.01296768,0.09398701,-0.06614734,0.14378306,0.03664946,0.17785021,0.01028235,-0.05783542,-0.03444773,0.06286308,0.05493708,0.07898809,-0.07995957,0.25338817,0.24235842,0.14580501,-0.07424911,-0.12782759,0.09994275,0.07906949,0.00896237,-0.25946938,-0.04821976,-0.06867959,0.00190585,-0.02703812,0.17100358,0.09335259,0.05213775,0.16010732,-0.07478493,-0.02488432,-0.19243700,-0.24476518,0.01148680,-0.08389251,0.16280141,-0.02795169,0.03743902,-0.08043817,-0.01720038,0.06336466,-0.01280205,0.03958959,-0.01227302,-0.04625203,0.02775165,0.03302765,0.16649589,-0.08326255,0.06021708,0.08589515,0.14659605,0.14082927
0.07961556,0.19729939,-0.04159081,-0.03210374,0.09274160,0.00951313,0.03205445,0.01956472,-0.03819334,0.00525817,0.05262107,0.00759951,0.05439178,-0.04581951,-0.01552160,0.03324696,0.06218309,0.03908976,-0.03050922,0.14609359,-0.01613821,0.03047766,-0.01430328,0.08157308,0.03700773,0.01733942,-0.06672265,-0.07353176,-0.16626625,-0.03452182,-0.14239793,-0.01773523,0.04748160,-0.20563067,-0.23769800,-0.03586436,0.05750202,0.02433116,-0.04865070,-0.00754854,-0.00665391,0.07955942,0.10938950,0.22000754,-0.02133963,0.02608688,-0.02972264,-0.10195713,-0.07984452,-0.01195019,0.01856993,0.00974228,-0.09307297,0.05752644,0.01479694,-0.08306438,0.15731764,-0.08161118,0.05000704,0.00643764,-0.01621524,-0.09123792,-0.07029842,0.01980350
-0.02155648,0.10817118,0.18547963,-0.03873787,0.01689684,-0.12795922,0.10052497,-0.21484994,-0.12271945,0.00973464,0.01601337,0.00601225,0.03688696,-0.08364205,-0.05334181,0.14489962,0.11592210,0.04339878,0.05245478,-0.02083507,-0.04458710,-0.03758463,-0.00755820,-0.00359714,0.09626637,0.01259385,0.06998469,0.10416227,0.09633636,0.18016166,-0.09602651,-0.11049864,0.09662607,0.03537142,0.14470616,0.05886184,0.13950398,0.01984972,0.10699252,-0.09498746,0.19477349,0.05316603,-0.00656644,-0.00624565,0.01942285,0.03972417,0.13021641,0.13438065,0.04500090,-0.04084668,0.08865566,0.02734966,0.03906008,-0.07264206,-0.04151043,-0.20322381,-0.14340211,-0.02577367,-0.07254503,-0.08118344,0.18279678,0.08155311,0.20847488,0.13117776
-0.04806609,0.06089229,-0.17219773,-0.00718496,0.29343355,0.23829225,0.10793716,0.16108584,0.05022667,-0.05828094,0.00021445,0.00944387,-0.00021100,0.08068581,-0.01256604,-0.05267913,-0.00759428,0.10928017,-0.04835317,0.04943506,0.01317755,-0.04592214,0.03749546,0.02504812,0.12321277,-0.04171655,-0.07956435,-0.03911634,-0.00526743,-0.00213613,-0.29275972,0.19165358,-0.08696814,-0.02061968,-0.01253566,-0.05829424,0.13349549,0.10432050,-0.06397467,0.06242872,0.00343727,-0.06902954,-0.03638746,0.14760718,-0.07804865,-0.03122321,-0.03411289,0.02851787,0.20394049,0.19832033,0.07334772,0.07036429,0.08723242,0.26294726,0.12939295,-0.05090759,0.01758016,-0.05159598,-0.13208895,0.05443835,-0.12406451,0.00888211,0.11195892,0.01385503
0.00627137,-0.00856285,0.12837667,-0.11415571,-0.12200535,0.04563311,0.04367207,0.01852868,0.09662807,0.11769643,0.21317574,-0.08655803,0.00643500,0.05919592,-0.02372874,-0.04979482,-0.08725133,0.13097858,0.02067933,-0.11564000,0.06912566,0.03129521,0.00597162,0.10645538,0.10839010,0.03815442,0.24542569,0.10553333,-0.05499728,0.06152265,-0.00223508,0.18652497,-0.02435261,0.19731102,0.06421292,-0.08086853,0.09163577,-0.04534934,0.11411328,-0.07106718,0.03225967,0.02247272,-0.03414672,0.07577938,0.19580623,0.11435087,-0.02048822,-0.09335224,-0.10378274,0.00951602,0.00609674,0.10930722,0.00620147,0.13396040,0.03133651,0.03552684,0.01473590,0.02662212,-0.04244888,0.08110831,-0.07953278,0.02625376,0.07748020,-0.04379050
-0.03385291,0.03512773,-0.03039900,0.06348726,0.10310544,-0.11712533,0.03352851,0.14602571,0.03403276,-0.04783950,0.15567724,0.09572829,-0.18074302,0.02866436,0.09589279,-0.11188247,-0.04937573,-0.00744043,-0.06611904,-0.09793701,0.13524508,-0.02889357,-0.02199340,-0.13761124,0.03637455,0.02583756,-0.00494894,-0.08569268,0.02572522,-0.12974554,-0.08282832,-0.14030862,-0.13843203,-0.02695448,-0.06350440,-0.19346715,-0.01676713,0.01699567,-0.15609995,-0.13524563,0.07007014,0.06942014,-0.03385106,0.01271368,-0.07451648,0.11995628,0.06363713,0.16843955,0.14817776,0.17814013,-0.12887139,-0.05376963,-0.07537975,0.06182216,-0.05213585,-0.01881472,0.05279662,-0.05812504,-0.22625886,0.04257927,-0.14344055,0.08309181,0.24602519,0.10619040
0.13778938,-0.12812073,0.09802521,0.00292282,0.09647513,-0.04361444,-0.22130811,-0.13527354,0.13709724,0.06648079,0.09007047,-0.02024355,-0.10505777,0.14145073,-0.06423437,0.11576120,0.22674298,0.05432329,0.04284932,-0.02389675,-0.02164774,-0.15249090,0.04558394,0.12144780,0.08625312,0.02664646,-0.06673943,-0.07527394,0.01826509,-0.06327776,0.00195004,-0.01235044,0.13432936,0.14810021,0.05023440,0.05911222,0.08637882,-0.12347431,-0.02567888,0.02207268,0.00881290,-0.12174340,0.00336723,0.05580705,0.06758493,0.01935537,-0.08899710,-0.06870420,0.12330197,0.01590655,0.13711023,0.00221514,-0.13431783,0.01134794,0.13224919,-0.02971740,-0.11224436,-0.05221658,0.11825293,0.07331677,-0.09750887,0.18886202,0.04680982,-0.02532774
-0.16231662,-0.12975539,-0.09213917,0.03862861,0.06772480,-0.05987429,0.09217941,0.06694737,0.03071421,0.01034419,0.02107772,-0.14116580,0.04020809,0.05521271,0.06807547,0.02351071,-0.02778467,-0.03816883,-0.01797118,0.02125449,-0.07865332,-0.06158964,-0.04388522,-0.01929497,0.11314567,0.05242335,0.02031128,-0.02602399,0.09310183,0.11915373,-0.02064564,-0.04343345,-0.12749214,0.05322736,0.07986095,0.06725335,0.02812454,-0.07544838,0.07697250,0.12446866,0.10088899,0.04417420,-0.00989740,-0.07757370,-0.05495305,0.00959330,-0.00642455,0.00237732,-0.06747270,-0.10351545,-0.07085580,-0.00174220,-0.06277811,0.06600869,-0.04268850,-0.02879342,-0.00531326,-0.07500290,-0.00280921,-0.05893766,-0.05497055,0.02617582,0.29056272,0.05604374
-0.15761044,-0.17873198,-0.13723846,-0.18747664,-0.08346795,-0.20770828,-0.16610572,-0.13771931,-0.06515698,-0.04136646,-0.16364813,-0.12906447,-0.21398169,-0.18108145,-0.12217880,-0.09009179,-0.09423224,-0.16277081,-0.03869709,-0.07946100,-0.05031316,-0.16097356,-0.17889110,-0.08496440,-0.24083809,-0.11528886,-0.17716932,-0.16804115,-0.11994923,-0.21567114,-0.10358354,-0.13457795,-0.11939665,-0.13715143,-0.12138829,-0.11442198,-0.18937187,-0.24074495,-0.17382086,-0.16889967,-0.15859032,-0.18710207,-0.08382358,-0.23928254,-0.19884076,-0.19006830,-0.09716495,-0.07150997,-0.05902602,-0.19782404,-0.21824911,-0.23717300,-0.18598066,-0.09134648,-0.16027376,-0.07246150,-0.11501088,-0.11589840,-0.14347827,-0.16543612,-0.12202583,-0.13164500,-0.14162878,-0.09763237
